"phrase","id","phoneme","stress","type","inherent_ms","before_floor_ms","after_floor_ms","before_ms","after_ms","delta_ms","source","rules"
"The quick brown fox jumps over the lazy dog.","segment_0","DH","","fricative","70","42","42","72","72","0","{""source"":""DH"",""minimum_ms"":30,""inherent_ms"":50,""unstressed_scale"":0.5,""citations"":[""Allen et al. 1987 Table 9-1 p.96 (row named by source)"",""Engineering adaptation: source MIN/INHERENT ratio scaled to Qlatt duration basis""]}","inventory_materialization; word_initial_lengthening; cluster_shortening; duration_cap; fricative_minimum_duration; duration_floor_default"
"The quick brown fox jumps over the lazy dog.","segment_1","AH","0","vowel","50","21","10.714285714285714","37","33","-4","{""source"":""AH"",""minimum_ms"":60,""inherent_ms"":140,""unstressed_scale"":0.5,""citations"":[""Allen et al. 1987 Table 9-1 p.96 (row named by source)"",""Engineering adaptation: source MIN/INHERENT ratio scaled to Qlatt duration basis""]}","inventory_materialization; stress_duration; vowel_shortening; pre_boundary_lengthening; duration_cap; duration_floor_default"
"The quick brown fox jumps over the lazy dog.","segment_2:remap_stops_to_closures:0","K_CL","","stop_closure","60","36","45","59","59","0","{""source"":""KK"",""minimum_ms"":60,""inherent_ms"":80,""unstressed_scale"":0.5,""citations"":[""Allen et al. 1987 Table 9-1 p.96 (row named by source)"",""Engineering adaptation: source MIN/INHERENT ratio scaled to Qlatt duration basis""]}","remap_stops_to_closures; remap_stops_to_closures; word_initial_lengthening; cluster_shortening; pre_boundary_lengthening; duration_cap; duration_floor_default"
"The quick brown fox jumps over the lazy dog.","segment_2:remap_stops_to_closures:0:insert_mapped_voiceless_release_and_aspiration:0","K_REL","","stop_release","12.951807228915664","0","0","13","13","0","{""source"":""uncompressed"",""minimum_ms"":0,""inherent_ms"":1,""unstressed_scale"":0.5,""citations"":[""Allen et al. 1987 Table 9-1 p.96 (row named by source)"",""Engineering adaptation: source MIN/INHERENT ratio scaled to Qlatt duration basis"",""Engineering policy: silence and generated release/aspiration use explicit timing and timeline safety floors""]}","insert_mapped_voiceless_release_and_aspiration; insert_mapped_voiceless_release_and_aspiration; cluster_shortening; duration_cap; lock_stop_release_duration; duration_floor_stop_release"
"The quick brown fox jumps over the lazy dog.","segment_2:remap_stops_to_closures:0:insert_mapped_voiceless_release_and_aspiration:1","K_ASP","","stop_aspiration","30.048192771084338","0","0","30","30","0","{""source"":""uncompressed"",""minimum_ms"":0,""inherent_ms"":1,""unstressed_scale"":0.5,""citations"":[""Allen et al. 1987 Table 9-1 p.96 (row named by source)"",""Engineering adaptation: source MIN/INHERENT ratio scaled to Qlatt duration basis"",""Engineering policy: silence and generated release/aspiration use explicit timing and timeline safety floors""]}","insert_mapped_voiceless_release_and_aspiration; insert_mapped_voiceless_release_and_aspiration; cluster_shortening; duration_cap; lock_stop_release_duration; duration_floor_stop_release"
"The quick brown fox jumps over the lazy dog.","segment_2:remap_stops_to_closures:0:insert_mapped_voiceless_release_and_aspiration:2","W","","glide","80","48","60","63","69","6","{""source"":""WW"",""minimum_ms"":60,""inherent_ms"":80,""unstressed_scale"":0.5,""citations"":[""Allen et al. 1987 Table 9-1 p.96 (row named by source)"",""Engineering adaptation: source MIN/INHERENT ratio scaled to Qlatt duration basis""]}","insert_mapped_voiceless_release_and_aspiration; non_word_initial_consonant_shortening; word_medial_consonant_shortening; cluster_shortening; duration_cap; duration_floor_default"
"The quick brown fox jumps over the lazy dog.","segment_4","IH","1","vowel","100","42","29.62962962962963","102","103","1","{""source"":""IH"",""minimum_ms"":40,""inherent_ms"":135,""unstressed_scale"":0.5,""citations"":[""Allen et al. 1987 Table 9-1 p.96 (row named by source)"",""Engineering adaptation: source MIN/INHERENT ratio scaled to Qlatt duration basis""]}","inventory_materialization; stress_duration; accent_vowel_lengthening; vowel_shortening; pre_boundary_lengthening; duration_cap; duration_floor_default"
"The quick brown fox jumps over the lazy dog.","segment_5:remap_stops_to_closures:0","K_CL","","stop_closure","60","36","45","49","54","5","{""source"":""KK"",""minimum_ms"":60,""inherent_ms"":80,""unstressed_scale"":0.5,""citations"":[""Allen et al. 1987 Table 9-1 p.96 (row named by source)"",""Engineering adaptation: source MIN/INHERENT ratio scaled to Qlatt duration basis""]}","remap_stops_to_closures; remap_stops_to_closures; non_word_initial_consonant_shortening; cluster_shortening; pre_boundary_lengthening; duration_cap; duration_floor_default"
"The quick brown fox jumps over the lazy dog.","segment_6:remap_stops_to_closures:0","B_CL","","stop_closure","45","27","31.764705882352942","44","44","0","{""source"":""BB"",""minimum_ms"":60,""inherent_ms"":85,""unstressed_scale"":0.5,""citations"":[""Allen et al. 1987 Table 9-1 p.96 (row named by source)"",""Engineering adaptation: source MIN/INHERENT ratio scaled to Qlatt duration basis""]}","remap_stops_to_closures; remap_stops_to_closures; word_initial_lengthening; cluster_shortening; duration_cap; duration_floor_default"
"The quick brown fox jumps over the lazy dog.","segment_6:remap_stops_to_closures:0:insert_mapped_voiced_release:0","B_REL","","stop_release","5","0","0","5","5","0","{""source"":""uncompressed"",""minimum_ms"":0,""inherent_ms"":1,""unstressed_scale"":0.5,""citations"":[""Allen et al. 1987 Table 9-1 p.96 (row named by source)"",""Engineering adaptation: source MIN/INHERENT ratio scaled to Qlatt duration basis"",""Engineering policy: silence and generated release/aspiration use explicit timing and timeline safety floors""]}","insert_mapped_voiced_release; insert_mapped_voiced_release; cluster_shortening; duration_cap; lock_stop_release_duration; duration_floor_stop_release"
"The quick brown fox jumps over the lazy dog.","segment_6:remap_stops_to_closures:0:insert_mapped_voiced_release:1","R","","liquid","90","54","33.75","70","60","-10","{""source"":""RR"",""minimum_ms"":30,""inherent_ms"":80,""unstressed_scale"":0.5,""citations"":[""Allen et al. 1987 Table 9-1 p.96 (row named by source)"",""Engineering adaptation: source MIN/INHERENT ratio scaled to Qlatt duration basis""]}","insert_mapped_voiced_release; non_word_initial_consonant_shortening; word_medial_consonant_shortening; cluster_shortening; duration_cap; duration_floor_default"
"The quick brown fox jumps over the lazy dog.","segment_8:expand_diphthongs:0","AE1","1","vowel","170","71.39999999999999","39.65217391304348","121","126","5","{""source"":""AE"",""minimum_ms"":80,""inherent_ms"":230,""unstressed_scale"":0.5,""citations"":[""Allen et al. 1987 Table 9-1 p.96 (row named by source)"",""Engineering adaptation: source MIN/INHERENT ratio scaled to Qlatt duration basis""]}","expand_diphthongs; expand_diphthongs; stress_duration; accent_vowel_lengthening; polysyllabic_shortening; vowel_shortening; pre_boundary_lengthening; duration_cap; duration_floor_default"
"The quick brown fox jumps over the lazy dog.","segment_8:expand_diphthongs:1","W","0","glide","80","48","28.5","60","48","-12","{""source"":""WW"",""minimum_ms"":60,""inherent_ms"":80,""unstressed_scale"":0.5,""citations"":[""Allen et al. 1987 Table 9-1 p.96 (row named by source)"",""Engineering adaptation: source MIN/INHERENT ratio scaled to Qlatt duration basis""]}","expand_diphthongs; expand_diphthongs; non_word_initial_consonant_shortening; word_medial_consonant_shortening; unstressed_consonant_shortening; cluster_shortening; pre_boundary_lengthening; duration_cap; duration_floor_default"
"The quick brown fox jumps over the lazy dog.","segment_9","N","","nasal","70","42","58.333333333333336","60","66","6","{""source"":""NN"",""minimum_ms"":50,""inherent_ms"":60,""unstressed_scale"":0.5,""citations"":[""Allen et al. 1987 Table 9-1 p.96 (row named by source)"",""Engineering adaptation: source MIN/INHERENT ratio scaled to Qlatt duration basis""]}","inventory_materialization; non_word_initial_consonant_shortening; cluster_shortening; pre_boundary_lengthening; duration_cap; duration_floor_default"
"The quick brown fox jumps over the lazy dog.","segment_10","F","","fricative","90","54","72","92","91","-1","{""source"":""FF"",""minimum_ms"":80,""inherent_ms"":100,""unstressed_scale"":0.5,""citations"":[""Allen et al. 1987 Table 9-1 p.96 (row named by source)"",""Engineering adaptation: source MIN/INHERENT ratio scaled to Qlatt duration basis""]}","inventory_materialization; word_initial_lengthening; cluster_shortening; pre_boundary_lengthening; duration_cap; fricative_minimum_duration; duration_floor_default"
"The quick brown fox jumps over the lazy dog.","segment_11","AA","1","vowel","180","75.6","75","184","186","2","{""source"":""AA"",""minimum_ms"":100,""inherent_ms"":240,""unstressed_scale"":0.5,""citations"":[""Allen et al. 1987 Table 9-1 p.96 (row named by source)"",""Engineering adaptation: source MIN/INHERENT ratio scaled to Qlatt duration basis""]}","inventory_materialization; stress_duration; accent_vowel_lengthening; vowel_shortening; pre_boundary_lengthening; duration_cap; duration_floor_default"
"The quick brown fox jumps over the lazy dog.","segment_12:remap_stops_to_closures:0","K_CL","","stop_closure","60","36","45","47","52","5","{""source"":""KK"",""minimum_ms"":60,""inherent_ms"":80,""unstressed_scale"":0.5,""citations"":[""Allen et al. 1987 Table 9-1 p.96 (row named by source)"",""Engineering adaptation: source MIN/INHERENT ratio scaled to Qlatt duration basis""]}","remap_stops_to_closures; remap_stops_to_closures; non_word_initial_consonant_shortening; word_medial_consonant_shortening; cluster_shortening; pre_boundary_lengthening; duration_cap; duration_floor_default"
"The quick brown fox jumps over the lazy dog.","segment_12:remap_stops_to_closures:0:insert_mapped_voiceless_release_and_aspiration:0","K_REL","","stop_release","14.759036144578314","0","0","15","15","0","{""source"":""uncompressed"",""minimum_ms"":0,""inherent_ms"":1,""unstressed_scale"":0.5,""citations"":[""Allen et al. 1987 Table 9-1 p.96 (row named by source)"",""Engineering adaptation: source MIN/INHERENT ratio scaled to Qlatt duration basis"",""Engineering policy: silence and generated release/aspiration use explicit timing and timeline safety floors""]}","insert_mapped_voiceless_release_and_aspiration; insert_mapped_voiceless_release_and_aspiration; cluster_shortening; duration_cap; lock_stop_release_duration; duration_floor_stop_release"
"The quick brown fox jumps over the lazy dog.","segment_12:remap_stops_to_closures:0:insert_mapped_voiceless_release_and_aspiration:1","K_ASP","","stop_aspiration","34.24096385542168","0","0","34","34","0","{""source"":""uncompressed"",""minimum_ms"":0,""inherent_ms"":1,""unstressed_scale"":0.5,""citations"":[""Allen et al. 1987 Table 9-1 p.96 (row named by source)"",""Engineering adaptation: source MIN/INHERENT ratio scaled to Qlatt duration basis"",""Engineering policy: silence and generated release/aspiration use explicit timing and timeline safety floors""]}","insert_mapped_voiceless_release_and_aspiration; insert_mapped_voiceless_release_and_aspiration; cluster_shortening; duration_cap; lock_stop_release_duration; duration_floor_stop_release"
"The quick brown fox jumps over the lazy dog.","segment_12:remap_stops_to_closures:0:insert_mapped_voiceless_release_and_aspiration:2","S","","fricative","100","60","57.142857142857146","82","80","-2","{""source"":""SS"",""minimum_ms"":60,""inherent_ms"":105,""unstressed_scale"":0.5,""citations"":[""Allen et al. 1987 Table 9-1 p.96 (row named by source)"",""Engineering adaptation: source MIN/INHERENT ratio scaled to Qlatt duration basis""]}","insert_mapped_voiceless_release_and_aspiration; non_word_initial_consonant_shortening; cluster_shortening; duration_cap; fricative_minimum_duration; duration_floor_default"
"The quick brown fox jumps over the lazy dog.","segment_14:expand_affricates_with_closure:0","JH_CL","","stop_closure","14","8.4","10","20","20","0","{""source"":""JJ"",""minimum_ms"":50,""inherent_ms"":70,""unstressed_scale"":0.5,""citations"":[""Allen et al. 1987 Table 9-1 p.96 (row named by source)"",""Engineering adaptation: source MIN/INHERENT ratio scaled to Qlatt duration basis""]}","expand_affricates_with_closure; expand_affricates_with_closure; word_initial_lengthening; cluster_shortening; duration_cap; duration_floor_default"
"The quick brown fox jumps over the lazy dog.","segment_14:expand_affricates_with_closure:1","JH","","affricate","51","30.599999999999998","26.428571428571427","33","32","-1","{""source"":""JJ"",""minimum_ms"":50,""inherent_ms"":70,""unstressed_scale"":0.5,""citations"":[""Allen et al. 1987 Table 9-1 p.96 (row named by source)"",""Engineering adaptation: source MIN/INHERENT ratio scaled to Qlatt duration basis""]}","expand_affricates_with_closure; expand_affricates_with_closure; non_word_initial_consonant_shortening; word_medial_consonant_shortening; cluster_shortening; duration_cap; duration_floor_default"
"The quick brown fox jumps over the lazy dog.","segment_15","AH","1","vowel","100","42","42.857142857142854","115","115","0","{""source"":""AH"",""minimum_ms"":60,""inherent_ms"":140,""unstressed_scale"":0.5,""citations"":[""Allen et al. 1987 Table 9-1 p.96 (row named by source)"",""Engineering adaptation: source MIN/INHERENT ratio scaled to Qlatt duration basis""]}","inventory_materialization; stress_duration; accent_vowel_lengthening; vowel_shortening; duration_cap; duration_floor_default"
"The quick brown fox jumps over the lazy dog.","segment_16","M","","nasal","80","48","68.57142857142857","65","75","10","{""source"":""MM"",""minimum_ms"":60,""inherent_ms"":70,""unstressed_scale"":0.5,""citations"":[""Allen et al. 1987 Table 9-1 p.96 (row named by source)"",""Engineering adaptation: source MIN/INHERENT ratio scaled to Qlatt duration basis""]}","inventory_materialization; non_word_initial_consonant_shortening; word_medial_consonant_shortening; cluster_shortening; duration_cap; duration_floor_default"
"The quick brown fox jumps over the lazy dog.","segment_17:remap_stops_to_closures:0","P_CL","","stop_closure","50","30","27.77777777777778","39","38","-1","{""source"":""PP"",""minimum_ms"":50,""inherent_ms"":90,""unstressed_scale"":0.5,""citations"":[""Allen et al. 1987 Table 9-1 p.96 (row named by source)"",""Engineering adaptation: source MIN/INHERENT ratio scaled to Qlatt duration basis""]}","remap_stops_to_closures; remap_stops_to_closures; non_word_initial_consonant_shortening; word_medial_consonant_shortening; cluster_shortening; duration_cap; duration_floor_default"
"The quick brown fox jumps over the lazy dog.","segment_17:remap_stops_to_closures:0:insert_mapped_voiceless_release_and_aspiration:0","P_REL","","stop_release","2.931034482758621","0","0","5","5","0","{""source"":""uncompressed"",""minimum_ms"":0,""inherent_ms"":1,""unstressed_scale"":0.5,""citations"":[""Allen et al. 1987 Table 9-1 p.96 (row named by source)"",""Engineering adaptation: source MIN/INHERENT ratio scaled to Qlatt duration basis"",""Engineering policy: silence and generated release/aspiration use explicit timing and timeline safety floors""]}","insert_mapped_voiceless_release_and_aspiration; insert_mapped_voiceless_release_and_aspiration; cluster_shortening; duration_cap; lock_stop_release_duration; duration_floor_stop_release"
"The quick brown fox jumps over the lazy dog.","segment_17:remap_stops_to_closures:0:insert_mapped_voiceless_release_and_aspiration:1","P_ASP","","stop_aspiration","31.06896551724138","0","0","31","31","0","{""source"":""uncompressed"",""minimum_ms"":0,""inherent_ms"":1,""unstressed_scale"":0.5,""citations"":[""Allen et al. 1987 Table 9-1 p.96 (row named by source)"",""Engineering adaptation: source MIN/INHERENT ratio scaled to Qlatt duration basis"",""Engineering policy: silence and generated release/aspiration use explicit timing and timeline safety floors""]}","insert_mapped_voiceless_release_and_aspiration; insert_mapped_voiceless_release_and_aspiration; cluster_shortening; duration_cap; lock_stop_release_duration; duration_floor_stop_release"
"The quick brown fox jumps over the lazy dog.","segment_17:remap_stops_to_closures:0:insert_mapped_voiceless_release_and_aspiration:2","S","","fricative","100","60","57.142857142857146","82","80","-2","{""source"":""SS"",""minimum_ms"":60,""inherent_ms"":105,""unstressed_scale"":0.5,""citations"":[""Allen et al. 1987 Table 9-1 p.96 (row named by source)"",""Engineering adaptation: source MIN/INHERENT ratio scaled to Qlatt duration basis""]}","insert_mapped_voiceless_release_and_aspiration; non_word_initial_consonant_shortening; cluster_shortening; duration_cap; fricative_minimum_duration; duration_floor_default"
"The quick brown fox jumps over the lazy dog.","segment_19:expand_diphthongs:0","AO1","1","vowel","160","67.2","42.5","102","103","1","{""source"":""AO"",""minimum_ms"":100,""inherent_ms"":240,""unstressed_scale"":0.5,""citations"":[""Allen et al. 1987 Table 9-1 p.96 (row named by source)"",""Engineering adaptation: source MIN/INHERENT ratio scaled to Qlatt duration basis""]}","expand_diphthongs; expand_diphthongs; stress_duration; polysyllabic_shortening; vowel_shortening; pre_boundary_lengthening; duration_cap; duration_floor_default"
"The quick brown fox jumps over the lazy dog.","segment_19:expand_diphthongs:1","W","0","glide","80","48","25.5","57","44","-13","{""source"":""WW"",""minimum_ms"":60,""inherent_ms"":80,""unstressed_scale"":0.5,""citations"":[""Allen et al. 1987 Table 9-1 p.96 (row named by source)"",""Engineering adaptation: source MIN/INHERENT ratio scaled to Qlatt duration basis""]}","expand_diphthongs; expand_diphthongs; non_word_initial_consonant_shortening; word_medial_consonant_shortening; unstressed_consonant_shortening; cluster_shortening; pre_boundary_lengthening; duration_cap; duration_floor_default"
"The quick brown fox jumps over the lazy dog.","segment_20","V","","fricative","80","48","53.333333333333336","65","67","2","{""source"":""VV"",""minimum_ms"":40,""inherent_ms"":60,""unstressed_scale"":0.5,""citations"":[""Allen et al. 1987 Table 9-1 p.96 (row named by source)"",""Engineering adaptation: source MIN/INHERENT ratio scaled to Qlatt duration basis""]}","inventory_materialization; non_word_initial_consonant_shortening; word_medial_consonant_shortening; cluster_shortening; pre_boundary_lengthening; duration_cap; fricative_minimum_duration; duration_floor_default"
"The quick brown fox jumps over the lazy dog.","segment_21:expand_rhotic_vowels:0","ER","0","vowel","42","17.64","9.333333333333334","130","130","0","{""source"":""ER"",""minimum_ms"":80,""inherent_ms"":180,""unstressed_scale"":0.5,""citations"":[""Allen et al. 1987 Table 9-1 p.96 (row named by source)"",""Engineering adaptation: source MIN/INHERENT ratio scaled to Qlatt duration basis""]}","expand_rhotic_vowels; expand_rhotic_vowels; stress_duration; polysyllabic_shortening; vowel_shortening; pre_boundary_lengthening; duration_cap; hertz_nucleus_timing; duration_floor_default"
"The quick brown fox jumps over the lazy dog.","segment_21:expand_rhotic_vowels:1","R","0","liquid","28","30","30","30","30","0","{""source"":""RR"",""minimum_ms"":30,""inherent_ms"":80,""unstressed_scale"":0.5,""citations"":[""Allen et al. 1987 Table 9-1 p.96 (row named by source)"",""Engineering adaptation: source MIN/INHERENT ratio scaled to Qlatt duration basis""]}","expand_rhotic_vowels; expand_rhotic_vowels; non_word_initial_consonant_shortening; unstressed_consonant_shortening; cluster_shortening; pre_boundary_lengthening; duration_cap; duration_floor_default"
"The quick brown fox jumps over the lazy dog.","segment_22","DH","","fricative","70","42","42","72","72","0","{""source"":""DH"",""minimum_ms"":30,""inherent_ms"":50,""unstressed_scale"":0.5,""citations"":[""Allen et al. 1987 Table 9-1 p.96 (row named by source)"",""Engineering adaptation: source MIN/INHERENT ratio scaled to Qlatt duration basis""]}","inventory_materialization; word_initial_lengthening; cluster_shortening; pre_boundary_lengthening; duration_cap; fricative_minimum_duration; duration_floor_default"
"The quick brown fox jumps over the lazy dog.","segment_23","AH","0","vowel","50","21","10.714285714285714","44","42","-2","{""source"":""AH"",""minimum_ms"":60,""inherent_ms"":140,""unstressed_scale"":0.5,""citations"":[""Allen et al. 1987 Table 9-1 p.96 (row named by source)"",""Engineering adaptation: source MIN/INHERENT ratio scaled to Qlatt duration basis""]}","inventory_materialization; stress_duration; vowel_shortening; pre_boundary_lengthening; duration_cap; duration_floor_default"
"The quick brown fox jumps over the lazy dog.","segment_24","L","","liquid","80","48","40","81","82","1","{""source"":""LL"",""minimum_ms"":40,""inherent_ms"":80,""unstressed_scale"":0.5,""citations"":[""Allen et al. 1987 Table 9-1 p.96 (row named by source)"",""Engineering adaptation: source MIN/INHERENT ratio scaled to Qlatt duration basis""]}","inventory_materialization; word_initial_lengthening; cluster_shortening; pre_boundary_lengthening; duration_cap; duration_floor_default"
"The quick brown fox jumps over the lazy dog.","segment_25:expand_diphthongs:0","EH1","1","vowel","120","50.4","44.8","104","104","0","{""source"":""EH"",""minimum_ms"":70,""inherent_ms"":150,""unstressed_scale"":0.5,""citations"":[""Allen et al. 1987 Table 9-1 p.96 (row named by source)"",""Engineering adaptation: source MIN/INHERENT ratio scaled to Qlatt duration basis""]}","expand_diphthongs; expand_diphthongs; stress_duration; accent_vowel_lengthening; polysyllabic_shortening; vowel_shortening; pre_boundary_lengthening; duration_cap; duration_floor_default"
"The quick brown fox jumps over the lazy dog.","segment_25:expand_diphthongs:1","Y","0","glide","80","48","16","54","36","-18","{""source"":""YY"",""minimum_ms"":40,""inherent_ms"":80,""unstressed_scale"":0.5,""citations"":[""Allen et al. 1987 Table 9-1 p.96 (row named by source)"",""Engineering adaptation: source MIN/INHERENT ratio scaled to Qlatt duration basis""]}","expand_diphthongs; expand_diphthongs; non_word_initial_consonant_shortening; word_medial_consonant_shortening; unstressed_consonant_shortening; cluster_shortening; pre_boundary_lengthening; duration_cap; duration_floor_default"
"The quick brown fox jumps over the lazy dog.","segment_26","Z","","fricative","90","54","48","72","70","-2","{""source"":""ZZ"",""minimum_ms"":40,""inherent_ms"":75,""unstressed_scale"":0.5,""citations"":[""Allen et al. 1987 Table 9-1 p.96 (row named by source)"",""Engineering adaptation: source MIN/INHERENT ratio scaled to Qlatt duration basis""]}","inventory_materialization; non_word_initial_consonant_shortening; word_medial_consonant_shortening; cluster_shortening; pre_boundary_lengthening; duration_cap; fricative_minimum_duration; duration_floor_default"
"The quick brown fox jumps over the lazy dog.","segment_27","IY","0","vowel","70","29.4","12.419354838709678","61","58","-3","{""source"":""IY"",""minimum_ms"":55,""inherent_ms"":155,""unstressed_scale"":0.5,""citations"":[""Allen et al. 1987 Table 9-1 p.96 (row named by source)"",""Engineering adaptation: source MIN/INHERENT ratio scaled to Qlatt duration basis""]}","inventory_materialization; stress_duration; accent_vowel_lengthening; polysyllabic_shortening; vowel_shortening; pre_boundary_lengthening; duration_cap; duration_floor_default"
"The quick brown fox jumps over the lazy dog.","segment_28:remap_stops_to_closures:0","D_CL","","stop_closure","50","30","33.333333333333336","53","52","-1","{""source"":""DD"",""minimum_ms"":50,""inherent_ms"":75,""unstressed_scale"":0.5,""citations"":[""Allen et al. 1987 Table 9-1 p.96 (row named by source)"",""Engineering adaptation: source MIN/INHERENT ratio scaled to Qlatt duration basis""]}","remap_stops_to_closures; remap_stops_to_closures; word_initial_lengthening; cluster_shortening; pre_boundary_lengthening; duration_cap; duration_floor_default"
"The quick brown fox jumps over the lazy dog.","segment_28:remap_stops_to_closures:0:insert_mapped_voiced_release:0","D_REL","","stop_release","10","0","0","10","10","0","{""source"":""uncompressed"",""minimum_ms"":0,""inherent_ms"":1,""unstressed_scale"":0.5,""citations"":[""Allen et al. 1987 Table 9-1 p.96 (row named by source)"",""Engineering adaptation: source MIN/INHERENT ratio scaled to Qlatt duration basis"",""Engineering policy: silence and generated release/aspiration use explicit timing and timeline safety floors""]}","insert_mapped_voiced_release; insert_mapped_voiced_release; cluster_shortening; duration_cap; lock_stop_release_duration; duration_floor_stop_release"
"The quick brown fox jumps over the lazy dog.","segment_28:remap_stops_to_closures:0:insert_mapped_voiced_release:1","AO","1","vowel","160","67.2","66.66666666666667","280","280","0","{""source"":""AO"",""minimum_ms"":100,""inherent_ms"":240,""unstressed_scale"":0.5,""citations"":[""Allen et al. 1987 Table 9-1 p.96 (row named by source)"",""Engineering adaptation: source MIN/INHERENT ratio scaled to Qlatt duration basis""]}","insert_mapped_voiced_release; stress_duration; accent_vowel_lengthening; polysyllabic_shortening; vowel_shortening; pre_boundary_lengthening; duration_cap; duration_floor_default"
"The quick brown fox jumps over the lazy dog.","segment_30:remap_stops_to_closures:0","G_CL","","stop_closure","55","33","41.25","45","49","4","{""source"":""GG"",""minimum_ms"":60,""inherent_ms"":80,""unstressed_scale"":0.5,""citations"":[""Allen et al. 1987 Table 9-1 p.96 (row named by source)"",""Engineering adaptation: source MIN/INHERENT ratio scaled to Qlatt duration basis""]}","remap_stops_to_closures; remap_stops_to_closures; non_word_initial_consonant_shortening; word_medial_consonant_shortening; cluster_shortening; pre_boundary_lengthening; duration_cap; duration_floor_default"
"The quick brown fox jumps over the lazy dog.","segment_30:remap_stops_to_closures:0:insert_mapped_voiced_release:0","G_REL","","stop_release","15","0","0","15","15","0","{""source"":""uncompressed"",""minimum_ms"":0,""inherent_ms"":1,""unstressed_scale"":0.5,""citations"":[""Allen et al. 1987 Table 9-1 p.96 (row named by source)"",""Engineering adaptation: source MIN/INHERENT ratio scaled to Qlatt duration basis"",""Engineering policy: silence and generated release/aspiration use explicit timing and timeline safety floors""]}","insert_mapped_voiced_release; insert_mapped_voiced_release; cluster_shortening; duration_cap; lock_stop_release_duration; duration_floor_stop_release"
"The quick brown fox jumps over the lazy dog.","segment_30:remap_stops_to_closures:0:insert_mapped_voiced_release:1","SIL","","silence","100","60","0","300","300","0","{""source"":""uncompressed"",""minimum_ms"":0,""inherent_ms"":1,""unstressed_scale"":0.5,""citations"":[""Allen et al. 1987 Table 9-1 p.96 (row named by source)"",""Engineering adaptation: source MIN/INHERENT ratio scaled to Qlatt duration basis"",""Engineering policy: silence and generated release/aspiration use explicit timing and timeline safety floors""]}","insert_mapped_voiced_release; punctuation_pause; duration_floor_default"
"She sells seashells by the seashore.","segment_0","SH","","fricative","100","60","76.19047619047619","102","102","0","{""source"":""SH"",""minimum_ms"":80,""inherent_ms"":105,""unstressed_scale"":0.5,""citations"":[""Allen et al. 1987 Table 9-1 p.96 (row named by source)"",""Engineering adaptation: source MIN/INHERENT ratio scaled to Qlatt duration basis""]}","inventory_materialization; word_initial_lengthening; cluster_shortening; duration_cap; fricative_minimum_duration; duration_floor_default"
"She sells seashells by the seashore.","segment_1","IY","1","vowel","150","63","53.225806451612904","176","179","3","{""source"":""IY"",""minimum_ms"":55,""inherent_ms"":155,""unstressed_scale"":0.5,""citations"":[""Allen et al. 1987 Table 9-1 p.96 (row named by source)"",""Engineering adaptation: source MIN/INHERENT ratio scaled to Qlatt duration basis""]}","inventory_materialization; stress_duration; vowel_shortening; pre_boundary_lengthening; duration_cap; duration_floor_default"
"She sells seashells by the seashore.","segment_2","S","","fricative","100","60","57.142857142857146","102","103","1","{""source"":""SS"",""minimum_ms"":60,""inherent_ms"":105,""unstressed_scale"":0.5,""citations"":[""Allen et al. 1987 Table 9-1 p.96 (row named by source)"",""Engineering adaptation: source MIN/INHERENT ratio scaled to Qlatt duration basis""]}","inventory_materialization; word_initial_lengthening; cluster_shortening; duration_cap; fricative_minimum_duration; duration_floor_default"
"She sells seashells by the seashore.","segment_3","EH","1","vowel","120","50.4","56","155","151","-4","{""source"":""EH"",""minimum_ms"":70,""inherent_ms"":150,""unstressed_scale"":0.5,""citations"":[""Allen et al. 1987 Table 9-1 p.96 (row named by source)"",""Engineering adaptation: source MIN/INHERENT ratio scaled to Qlatt duration basis""]}","inventory_materialization; stress_duration; accent_vowel_lengthening; vowel_shortening; duration_cap; duration_floor_default"
"She sells seashells by the seashore.","segment_4","L","","liquid","80","48","40","65","61","-4","{""source"":""LL"",""minimum_ms"":40,""inherent_ms"":80,""unstressed_scale"":0.5,""citations"":[""Allen et al. 1987 Table 9-1 p.96 (row named by source)"",""Engineering adaptation: source MIN/INHERENT ratio scaled to Qlatt duration basis""]}","inventory_materialization; non_word_initial_consonant_shortening; word_medial_consonant_shortening; cluster_shortening; duration_cap; duration_floor_default"
"She sells seashells by the seashore.","segment_5","Z","","fricative","90","54","48","74","71","-3","{""source"":""ZZ"",""minimum_ms"":40,""inherent_ms"":75,""unstressed_scale"":0.5,""citations"":[""Allen et al. 1987 Table 9-1 p.96 (row named by source)"",""Engineering adaptation: source MIN/INHERENT ratio scaled to Qlatt duration basis""]}","inventory_materialization; non_word_initial_consonant_shortening; cluster_shortening; pre_boundary_lengthening; duration_cap; fricative_minimum_duration; duration_floor_default"
"She sells seashells by the seashore.","segment_6","S","","fricative","100","60","57.142857142857146","102","103","1","{""source"":""SS"",""minimum_ms"":60,""inherent_ms"":105,""unstressed_scale"":0.5,""citations"":[""Allen et al. 1987 Table 9-1 p.96 (row named by source)"",""Engineering adaptation: source MIN/INHERENT ratio scaled to Qlatt duration basis""]}","inventory_materialization; word_initial_lengthening; cluster_shortening; duration_cap; fricative_minimum_duration; duration_floor_default"
"She sells seashells by the seashore.","segment_7","IY","1","vowel","150","63","53.225806451612904","164","166","2","{""source"":""IY"",""minimum_ms"":55,""inherent_ms"":155,""unstressed_scale"":0.5,""citations"":[""Allen et al. 1987 Table 9-1 p.96 (row named by source)"",""Engineering adaptation: source MIN/INHERENT ratio scaled to Qlatt duration basis""]}","inventory_materialization; stress_duration; accent_vowel_lengthening; polysyllabic_shortening; vowel_shortening; duration_cap; duration_floor_default"
"She sells seashells by the seashore.","segment_8","SH","","fricative","100","60","76.19047619047619","81","88","7","{""source"":""SH"",""minimum_ms"":80,""inherent_ms"":105,""unstressed_scale"":0.5,""citations"":[""Allen et al. 1987 Table 9-1 p.96 (row named by source)"",""Engineering adaptation: source MIN/INHERENT ratio scaled to Qlatt duration basis""]}","inventory_materialization; non_word_initial_consonant_shortening; word_medial_consonant_shortening; cluster_shortening; duration_cap; fricative_minimum_duration; duration_floor_default"
"She sells seashells by the seashore.","segment_9","EH","2","vowel","120","50.4","56","107","108","1","{""source"":""EH"",""minimum_ms"":70,""inherent_ms"":150,""unstressed_scale"":0.5,""citations"":[""Allen et al. 1987 Table 9-1 p.96 (row named by source)"",""Engineering adaptation: source MIN/INHERENT ratio scaled to Qlatt duration basis""]}","inventory_materialization; stress_duration; accent_vowel_lengthening; polysyllabic_shortening; vowel_shortening; pre_boundary_lengthening; duration_cap; duration_floor_default"
"She sells seashells by the seashore.","segment_10","L","","liquid","80","48","40","65","61","-4","{""source"":""LL"",""minimum_ms"":40,""inherent_ms"":80,""unstressed_scale"":0.5,""citations"":[""Allen et al. 1987 Table 9-1 p.96 (row named by source)"",""Engineering adaptation: source MIN/INHERENT ratio scaled to Qlatt duration basis""]}","inventory_materialization; non_word_initial_consonant_shortening; word_medial_consonant_shortening; cluster_shortening; pre_boundary_lengthening; duration_cap; duration_floor_default"
"She sells seashells by the seashore.","segment_11","Z","","fricative","90","54","48","74","71","-3","{""source"":""ZZ"",""minimum_ms"":40,""inherent_ms"":75,""unstressed_scale"":0.5,""citations"":[""Allen et al. 1987 Table 9-1 p.96 (row named by source)"",""Engineering adaptation: source MIN/INHERENT ratio scaled to Qlatt duration basis""]}","inventory_materialization; non_word_initial_consonant_shortening; cluster_shortening; pre_boundary_lengthening; duration_cap; fricative_minimum_duration; duration_floor_default"
"She sells seashells by the seashore.","segment_12:remap_stops_to_closures:0","B_CL","","stop_closure","45","27","31.764705882352942","46","46","0","{""source"":""BB"",""minimum_ms"":60,""inherent_ms"":85,""unstressed_scale"":0.5,""citations"":[""Allen et al. 1987 Table 9-1 p.96 (row named by source)"",""Engineering adaptation: source MIN/INHERENT ratio scaled to Qlatt duration basis""]}","remap_stops_to_closures; remap_stops_to_closures; word_initial_lengthening; cluster_shortening; duration_cap; duration_floor_default"
"She sells seashells by the seashore.","segment_12:remap_stops_to_closures:0:insert_mapped_voiced_release:0","B_REL","","stop_release","5","0","0","5","5","0","{""source"":""uncompressed"",""minimum_ms"":0,""inherent_ms"":1,""unstressed_scale"":0.5,""citations"":[""Allen et al. 1987 Table 9-1 p.96 (row named by source)"",""Engineering adaptation: source MIN/INHERENT ratio scaled to Qlatt duration basis"",""Engineering policy: silence and generated release/aspiration use explicit timing and timeline safety floors""]}","insert_mapped_voiced_release; insert_mapped_voiced_release; cluster_shortening; duration_cap; lock_stop_release_duration; duration_floor_stop_release"
"She sells seashells by the seashore.","segment_12:remap_stops_to_closures:0:insert_mapped_voiced_release:1","AA1","1","vowel","180","75.6","45","85","101","16","{""source"":""AA"",""minimum_ms"":100,""inherent_ms"":240,""unstressed_scale"":0.5,""citations"":[""Allen et al. 1987 Table 9-1 p.96 (row named by source)"",""Engineering adaptation: source MIN/INHERENT ratio scaled to Qlatt duration basis""]}","insert_mapped_voiced_release; stress_duration; polysyllabic_shortening; vowel_shortening; pre_boundary_lengthening; duration_cap; hertz_nucleus_timing; duration_floor_default"
"She sells seashells by the seashore.","segment_13:expand_diphthongs:1","Y","0","glide","80","48","18","60","44","-16","{""source"":""YY"",""minimum_ms"":40,""inherent_ms"":80,""unstressed_scale"":0.5,""citations"":[""Allen et al. 1987 Table 9-1 p.96 (row named by source)"",""Engineering adaptation: source MIN/INHERENT ratio scaled to Qlatt duration basis""]}","expand_diphthongs; expand_diphthongs; non_word_initial_consonant_shortening; unstressed_consonant_shortening; cluster_shortening; pre_boundary_lengthening; duration_cap; duration_floor_default"
"She sells seashells by the seashore.","segment_14","DH","","fricative","70","42","42","72","72","0","{""source"":""DH"",""minimum_ms"":30,""inherent_ms"":50,""unstressed_scale"":0.5,""citations"":[""Allen et al. 1987 Table 9-1 p.96 (row named by source)"",""Engineering adaptation: source MIN/INHERENT ratio scaled to Qlatt duration basis""]}","inventory_materialization; word_initial_lengthening; cluster_shortening; pre_boundary_lengthening; duration_cap; fricative_minimum_duration; duration_floor_default"
"She sells seashells by the seashore.","segment_15","AH","0","vowel","50","21","10.714285714285714","44","42","-2","{""source"":""AH"",""minimum_ms"":60,""inherent_ms"":140,""unstressed_scale"":0.5,""citations"":[""Allen et al. 1987 Table 9-1 p.96 (row named by source)"",""Engineering adaptation: source MIN/INHERENT ratio scaled to Qlatt duration basis""]}","inventory_materialization; stress_duration; vowel_shortening; pre_boundary_lengthening; duration_cap; duration_floor_default"
"She sells seashells by the seashore.","segment_16","S","","fricative","100","60","57.142857142857146","102","103","1","{""source"":""SS"",""minimum_ms"":60,""inherent_ms"":105,""unstressed_scale"":0.5,""citations"":[""Allen et al. 1987 Table 9-1 p.96 (row named by source)"",""Engineering adaptation: source MIN/INHERENT ratio scaled to Qlatt duration basis""]}","inventory_materialization; word_initial_lengthening; cluster_shortening; duration_cap; fricative_minimum_duration; duration_floor_default"
"She sells seashells by the seashore.","segment_17","IY","1","vowel","150","63","53.225806451612904","173","176","3","{""source"":""IY"",""minimum_ms"":55,""inherent_ms"":155,""unstressed_scale"":0.5,""citations"":[""Allen et al. 1987 Table 9-1 p.96 (row named by source)"",""Engineering adaptation: source MIN/INHERENT ratio scaled to Qlatt duration basis""]}","inventory_materialization; stress_duration; accent_vowel_lengthening; polysyllabic_shortening; vowel_shortening; duration_cap; duration_floor_default"
"She sells seashells by the seashore.","segment_18","SH","","fricative","100","60","76.19047619047619","81","88","7","{""source"":""SH"",""minimum_ms"":80,""inherent_ms"":105,""unstressed_scale"":0.5,""citations"":[""Allen et al. 1987 Table 9-1 p.96 (row named by source)"",""Engineering adaptation: source MIN/INHERENT ratio scaled to Qlatt duration basis""]}","inventory_materialization; non_word_initial_consonant_shortening; word_medial_consonant_shortening; cluster_shortening; duration_cap; fricative_minimum_duration; duration_floor_default"
"She sells seashells by the seashore.","segment_19","AO","2","vowel","160","67.2","66.66666666666667","181","181","0","{""source"":""AO"",""minimum_ms"":100,""inherent_ms"":240,""unstressed_scale"":0.5,""citations"":[""Allen et al. 1987 Table 9-1 p.96 (row named by source)"",""Engineering adaptation: source MIN/INHERENT ratio scaled to Qlatt duration basis""]}","inventory_materialization; stress_duration; accent_vowel_lengthening; polysyllabic_shortening; vowel_shortening; pre_boundary_lengthening; duration_cap; duration_floor_default"
"She sells seashells by the seashore.","segment_20","R","","liquid","90","54","33.75","76","68","-8","{""source"":""RR"",""minimum_ms"":30,""inherent_ms"":80,""unstressed_scale"":0.5,""citations"":[""Allen et al. 1987 Table 9-1 p.96 (row named by source)"",""Engineering adaptation: source MIN/INHERENT ratio scaled to Qlatt duration basis""]}","inventory_materialization; non_word_initial_consonant_shortening; cluster_shortening; pre_boundary_lengthening; duration_cap; duration_floor_default"
"She sells seashells by the seashore.","segment_21","SIL","","silence","100","60","0","300","300","0","{""source"":""uncompressed"",""minimum_ms"":0,""inherent_ms"":1,""unstressed_scale"":0.5,""citations"":[""Allen et al. 1987 Table 9-1 p.96 (row named by source)"",""Engineering adaptation: source MIN/INHERENT ratio scaled to Qlatt duration basis"",""Engineering policy: silence and generated release/aspiration use explicit timing and timeline safety floors""]}","inventory_materialization; punctuation_pause; duration_floor_default"
"Thin thieves thought that they thrilled.","segment_0","TH","","fricative","80","48","53.333333333333336","81","81","0","{""source"":""TH"",""minimum_ms"":60,""inherent_ms"":90,""unstressed_scale"":0.5,""citations"":[""Allen et al. 1987 Table 9-1 p.96 (row named by source)"",""Engineering adaptation: source MIN/INHERENT ratio scaled to Qlatt duration basis""]}","inventory_materialization; word_initial_lengthening; cluster_shortening; duration_cap; fricative_minimum_duration; duration_floor_default"
"Thin thieves thought that they thrilled.","segment_1","IH","1","vowel","100","42","29.62962962962963","115","119","4","{""source"":""IH"",""minimum_ms"":40,""inherent_ms"":135,""unstressed_scale"":0.5,""citations"":[""Allen et al. 1987 Table 9-1 p.96 (row named by source)"",""Engineering adaptation: source MIN/INHERENT ratio scaled to Qlatt duration basis""]}","inventory_materialization; stress_duration; accent_vowel_lengthening; vowel_shortening; pre_boundary_lengthening; duration_cap; duration_floor_default"
"Thin thieves thought that they thrilled.","segment_2","N","","nasal","70","42","58.333333333333336","60","66","6","{""source"":""NN"",""minimum_ms"":50,""inherent_ms"":60,""unstressed_scale"":0.5,""citations"":[""Allen et al. 1987 Table 9-1 p.96 (row named by source)"",""Engineering adaptation: source MIN/INHERENT ratio scaled to Qlatt duration basis""]}","inventory_materialization; non_word_initial_consonant_shortening; cluster_shortening; pre_boundary_lengthening; duration_cap; duration_floor_default"
"Thin thieves thought that they thrilled.","segment_3","TH","","fricative","80","48","53.333333333333336","81","81","0","{""source"":""TH"",""minimum_ms"":60,""inherent_ms"":90,""unstressed_scale"":0.5,""citations"":[""Allen et al. 1987 Table 9-1 p.96 (row named by source)"",""Engineering adaptation: source MIN/INHERENT ratio scaled to Qlatt duration basis""]}","inventory_materialization; word_initial_lengthening; cluster_shortening; pre_boundary_lengthening; duration_cap; fricative_minimum_duration; duration_floor_default"
"Thin thieves thought that they thrilled.","segment_4","IY","1","vowel","150","63","53.225806451612904","206","212","6","{""source"":""IY"",""minimum_ms"":55,""inherent_ms"":155,""unstressed_scale"":0.5,""citations"":[""Allen et al. 1987 Table 9-1 p.96 (row named by source)"",""Engineering adaptation: source MIN/INHERENT ratio scaled to Qlatt duration basis""]}","inventory_materialization; stress_duration; accent_vowel_lengthening; vowel_shortening; pre_boundary_lengthening; duration_cap; duration_floor_default"
"Thin thieves thought that they thrilled.","segment_5","V","","fricative","80","48","53.333333333333336","65","67","2","{""source"":""VV"",""minimum_ms"":40,""inherent_ms"":60,""unstressed_scale"":0.5,""citations"":[""Allen et al. 1987 Table 9-1 p.96 (row named by source)"",""Engineering adaptation: source MIN/INHERENT ratio scaled to Qlatt duration basis""]}","inventory_materialization; non_word_initial_consonant_shortening; word_medial_consonant_shortening; cluster_shortening; pre_boundary_lengthening; duration_cap; fricative_minimum_duration; duration_floor_default"
"Thin thieves thought that they thrilled.","segment_6","Z","","fricative","90","54","48","74","71","-3","{""source"":""ZZ"",""minimum_ms"":40,""inherent_ms"":75,""unstressed_scale"":0.5,""citations"":[""Allen et al. 1987 Table 9-1 p.96 (row named by source)"",""Engineering adaptation: source MIN/INHERENT ratio scaled to Qlatt duration basis""]}","inventory_materialization; non_word_initial_consonant_shortening; cluster_shortening; duration_cap; fricative_minimum_duration; duration_floor_default"
"Thin thieves thought that they thrilled.","segment_7","TH","","fricative","80","48","53.333333333333336","81","81","0","{""source"":""TH"",""minimum_ms"":60,""inherent_ms"":90,""unstressed_scale"":0.5,""citations"":[""Allen et al. 1987 Table 9-1 p.96 (row named by source)"",""Engineering adaptation: source MIN/INHERENT ratio scaled to Qlatt duration basis""]}","inventory_materialization; word_initial_lengthening; cluster_shortening; duration_cap; fricative_minimum_duration; duration_floor_default"
"Thin thieves thought that they thrilled.","segment_8","AO","1","vowel","160","67.2","66.66666666666667","164","164","0","{""source"":""AO"",""minimum_ms"":100,""inherent_ms"":240,""unstressed_scale"":0.5,""citations"":[""Allen et al. 1987 Table 9-1 p.96 (row named by source)"",""Engineering adaptation: source MIN/INHERENT ratio scaled to Qlatt duration basis""]}","inventory_materialization; stress_duration; accent_vowel_lengthening; vowel_shortening; pre_boundary_lengthening; duration_cap; duration_floor_default"
"Thin thieves thought that they thrilled.","segment_9:remap_stops_to_closures:0","T_CL","","stop_closure","50","30","33.333333333333336","39","41","2","{""source"":""TT"",""minimum_ms"":50,""inherent_ms"":75,""unstressed_scale"":0.5,""citations"":[""Allen et al. 1987 Table 9-1 p.96 (row named by source)"",""Engineering adaptation: source MIN/INHERENT ratio scaled to Qlatt duration basis""]}","remap_stops_to_closures; remap_stops_to_closures; non_word_initial_consonant_shortening; word_medial_consonant_shortening; cluster_shortening; pre_boundary_lengthening; duration_cap; duration_floor_default"
"Thin thieves thought that they thrilled.","segment_9:remap_stops_to_closures:0:insert_mapped_voiceless_release_and_aspiration:0","T_REL","","stop_release","7.816901408450704","0","0","8","8","0","{""source"":""uncompressed"",""minimum_ms"":0,""inherent_ms"":1,""unstressed_scale"":0.5,""citations"":[""Allen et al. 1987 Table 9-1 p.96 (row named by source)"",""Engineering adaptation: source MIN/INHERENT ratio scaled to Qlatt duration basis"",""Engineering policy: silence and generated release/aspiration use explicit timing and timeline safety floors""]}","insert_mapped_voiceless_release_and_aspiration; insert_mapped_voiceless_release_and_aspiration; cluster_shortening; duration_cap; lock_stop_release_duration; duration_floor_stop_release"
"Thin thieves thought that they thrilled.","segment_9:remap_stops_to_closures:0:insert_mapped_voiceless_release_and_aspiration:1","T_ASP","","stop_aspiration","29.183098591549296","0","0","29","29","0","{""source"":""uncompressed"",""minimum_ms"":0,""inherent_ms"":1,""unstressed_scale"":0.5,""citations"":[""Allen et al. 1987 Table 9-1 p.96 (row named by source)"",""Engineering adaptation: source MIN/INHERENT ratio scaled to Qlatt duration basis"",""Engineering policy: silence and generated release/aspiration use explicit timing and timeline safety floors""]}","insert_mapped_voiceless_release_and_aspiration; insert_mapped_voiceless_release_and_aspiration; cluster_shortening; duration_cap; lock_stop_release_duration; duration_floor_stop_release"
"Thin thieves thought that they thrilled.","segment_9:remap_stops_to_closures:0:insert_mapped_voiceless_release_and_aspiration:2","DH","","fricative","70","42","42","69","69","0","{""source"":""DH"",""minimum_ms"":30,""inherent_ms"":50,""unstressed_scale"":0.5,""citations"":[""Allen et al. 1987 Table 9-1 p.96 (row named by source)"",""Engineering adaptation: source MIN/INHERENT ratio scaled to Qlatt duration basis""]}","insert_mapped_voiceless_release_and_aspiration; word_initial_lengthening; cluster_shortening; duration_cap; fricative_minimum_duration; duration_floor_default"
"Thin thieves thought that they thrilled.","segment_11","AE","1","vowel","170","71.39999999999999","59.130434782608695","161","160","-1","{""source"":""AE"",""minimum_ms"":80,""inherent_ms"":230,""unstressed_scale"":0.5,""citations"":[""Allen et al. 1987 Table 9-1 p.96 (row named by source)"",""Engineering adaptation: source MIN/INHERENT ratio scaled to Qlatt duration basis""]}","inventory_materialization; stress_duration; vowel_shortening; pre_boundary_lengthening; duration_cap; duration_floor_default"
"Thin thieves thought that they thrilled.","segment_12:remap_stops_to_closures:0","T_CL","","stop_closure","50","30","33.333333333333336","39","41","2","{""source"":""TT"",""minimum_ms"":50,""inherent_ms"":75,""unstressed_scale"":0.5,""citations"":[""Allen et al. 1987 Table 9-1 p.96 (row named by source)"",""Engineering adaptation: source MIN/INHERENT ratio scaled to Qlatt duration basis""]}","remap_stops_to_closures; remap_stops_to_closures; non_word_initial_consonant_shortening; word_medial_consonant_shortening; cluster_shortening; pre_boundary_lengthening; duration_cap; duration_floor_default"
"Thin thieves thought that they thrilled.","segment_12:remap_stops_to_closures:0:insert_mapped_voiceless_release_and_aspiration:0","T_REL","","stop_release","7.816901408450704","0","0","8","8","0","{""source"":""uncompressed"",""minimum_ms"":0,""inherent_ms"":1,""unstressed_scale"":0.5,""citations"":[""Allen et al. 1987 Table 9-1 p.96 (row named by source)"",""Engineering adaptation: source MIN/INHERENT ratio scaled to Qlatt duration basis"",""Engineering policy: silence and generated release/aspiration use explicit timing and timeline safety floors""]}","insert_mapped_voiceless_release_and_aspiration; insert_mapped_voiceless_release_and_aspiration; cluster_shortening; duration_cap; lock_stop_release_duration; duration_floor_stop_release"
"Thin thieves thought that they thrilled.","segment_12:remap_stops_to_closures:0:insert_mapped_voiceless_release_and_aspiration:1","T_ASP","","stop_aspiration","29.183098591549296","0","0","29","29","0","{""source"":""uncompressed"",""minimum_ms"":0,""inherent_ms"":1,""unstressed_scale"":0.5,""citations"":[""Allen et al. 1987 Table 9-1 p.96 (row named by source)"",""Engineering adaptation: source MIN/INHERENT ratio scaled to Qlatt duration basis"",""Engineering policy: silence and generated release/aspiration use explicit timing and timeline safety floors""]}","insert_mapped_voiceless_release_and_aspiration; insert_mapped_voiceless_release_and_aspiration; cluster_shortening; duration_cap; lock_stop_release_duration; duration_floor_stop_release"
"Thin thieves thought that they thrilled.","segment_12:remap_stops_to_closures:0:insert_mapped_voiceless_release_and_aspiration:2","DH","","fricative","70","42","42","69","69","0","{""source"":""DH"",""minimum_ms"":30,""inherent_ms"":50,""unstressed_scale"":0.5,""citations"":[""Allen et al. 1987 Table 9-1 p.96 (row named by source)"",""Engineering adaptation: source MIN/INHERENT ratio scaled to Qlatt duration basis""]}","insert_mapped_voiceless_release_and_aspiration; word_initial_lengthening; cluster_shortening; duration_cap; fricative_minimum_duration; duration_floor_default"
"Thin thieves thought that they thrilled.","segment_14:expand_diphthongs:0","EH1","1","vowel","120","50.4","44.8","97","96","-1","{""source"":""EH"",""minimum_ms"":70,""inherent_ms"":150,""unstressed_scale"":0.5,""citations"":[""Allen et al. 1987 Table 9-1 p.96 (row named by source)"",""Engineering adaptation: source MIN/INHERENT ratio scaled to Qlatt duration basis""]}","expand_diphthongs; expand_diphthongs; stress_duration; polysyllabic_shortening; vowel_shortening; pre_boundary_lengthening; duration_cap; duration_floor_default"
"Thin thieves thought that they thrilled.","segment_14:expand_diphthongs:1","Y","0","glide","80","48","16","56","40","-16","{""source"":""YY"",""minimum_ms"":40,""inherent_ms"":80,""unstressed_scale"":0.5,""citations"":[""Allen et al. 1987 Table 9-1 p.96 (row named by source)"",""Engineering adaptation: source MIN/INHERENT ratio scaled to Qlatt duration basis""]}","expand_diphthongs; expand_diphthongs; non_word_initial_consonant_shortening; unstressed_consonant_shortening; cluster_shortening; pre_boundary_lengthening; duration_cap; duration_floor_default"
"Thin thieves thought that they thrilled.","segment_15","TH","","fricative","80","48","53.333333333333336","81","81","0","{""source"":""TH"",""minimum_ms"":60,""inherent_ms"":90,""unstressed_scale"":0.5,""citations"":[""Allen et al. 1987 Table 9-1 p.96 (row named by source)"",""Engineering adaptation: source MIN/INHERENT ratio scaled to Qlatt duration basis""]}","inventory_materialization; word_initial_lengthening; cluster_shortening; duration_cap; fricative_minimum_duration; duration_floor_default"
"Thin thieves thought that they thrilled.","segment_16","R","","liquid","90","54","33.75","70","60","-10","{""source"":""RR"",""minimum_ms"":30,""inherent_ms"":80,""unstressed_scale"":0.5,""citations"":[""Allen et al. 1987 Table 9-1 p.96 (row named by source)"",""Engineering adaptation: source MIN/INHERENT ratio scaled to Qlatt duration basis""]}","inventory_materialization; non_word_initial_consonant_shortening; word_medial_consonant_shortening; cluster_shortening; duration_cap; duration_floor_default"
"Thin thieves thought that they thrilled.","segment_17","IH","1","vowel","100","42","29.62962962962963","136","144","8","{""source"":""IH"",""minimum_ms"":40,""inherent_ms"":135,""unstressed_scale"":0.5,""citations"":[""Allen et al. 1987 Table 9-1 p.96 (row named by source)"",""Engineering adaptation: source MIN/INHERENT ratio scaled to Qlatt duration basis""]}","inventory_materialization; stress_duration; accent_vowel_lengthening; vowel_shortening; duration_cap; duration_floor_default"
"Thin thieves thought that they thrilled.","segment_18","L","","liquid","80","48","40","65","61","-4","{""source"":""LL"",""minimum_ms"":40,""inherent_ms"":80,""unstressed_scale"":0.5,""citations"":[""Allen et al. 1987 Table 9-1 p.96 (row named by source)"",""Engineering adaptation: source MIN/INHERENT ratio scaled to Qlatt duration basis""]}","inventory_materialization; non_word_initial_consonant_shortening; word_medial_consonant_shortening; cluster_shortening; duration_cap; duration_floor_default"
"Thin thieves thought that they thrilled.","segment_19:remap_stops_to_closures:0","D_CL","","stop_closure","50","30","33.333333333333336","41","43","2","{""source"":""DD"",""minimum_ms"":50,""inherent_ms"":75,""unstressed_scale"":0.5,""citations"":[""Allen et al. 1987 Table 9-1 p.96 (row named by source)"",""Engineering adaptation: source MIN/INHERENT ratio scaled to Qlatt duration basis""]}","remap_stops_to_closures; remap_stops_to_closures; non_word_initial_consonant_shortening; word_medial_consonant_shortening; cluster_shortening; pre_boundary_lengthening; duration_cap; duration_floor_default"
"Thin thieves thought that they thrilled.","segment_19:remap_stops_to_closures:0:insert_mapped_voiced_release:0","D_REL","","stop_release","15","0","0","15","15","0","{""source"":""uncompressed"",""minimum_ms"":0,""inherent_ms"":1,""unstressed_scale"":0.5,""citations"":[""Allen et al. 1987 Table 9-1 p.96 (row named by source)"",""Engineering adaptation: source MIN/INHERENT ratio scaled to Qlatt duration basis"",""Engineering policy: silence and generated release/aspiration use explicit timing and timeline safety floors""]}","insert_mapped_voiced_release; insert_mapped_voiced_release; cluster_shortening; duration_cap; lock_stop_release_duration; duration_floor_stop_release"
"Thin thieves thought that they thrilled.","segment_19:remap_stops_to_closures:0:insert_mapped_voiced_release:1","SIL","","silence","100","60","0","300","300","0","{""source"":""uncompressed"",""minimum_ms"":0,""inherent_ms"":1,""unstressed_scale"":0.5,""citations"":[""Allen et al. 1987 Table 9-1 p.96 (row named by source)"",""Engineering adaptation: source MIN/INHERENT ratio scaled to Qlatt duration basis"",""Engineering policy: silence and generated release/aspiration use explicit timing and timeline safety floors""]}","insert_mapped_voiced_release; punctuation_pause; duration_floor_default"
"Ship shape, sheep shop, and cheap chips.","segment_0","SH","","fricative","100","60","76.19047619047619","102","102","0","{""source"":""SH"",""minimum_ms"":80,""inherent_ms"":105,""unstressed_scale"":0.5,""citations"":[""Allen et al. 1987 Table 9-1 p.96 (row named by source)"",""Engineering adaptation: source MIN/INHERENT ratio scaled to Qlatt duration basis""]}","inventory_materialization; word_initial_lengthening; cluster_shortening; duration_cap; fricative_minimum_duration; duration_floor_default"
"Ship shape, sheep shop, and cheap chips.","segment_1","IH","1","vowel","100","42","29.62962962962963","102","103","1","{""source"":""IH"",""minimum_ms"":40,""inherent_ms"":135,""unstressed_scale"":0.5,""citations"":[""Allen et al. 1987 Table 9-1 p.96 (row named by source)"",""Engineering adaptation: source MIN/INHERENT ratio scaled to Qlatt duration basis""]}","inventory_materialization; stress_duration; accent_vowel_lengthening; vowel_shortening; pre_boundary_lengthening; duration_cap; duration_floor_default"
"Ship shape, sheep shop, and cheap chips.","segment_2:remap_stops_to_closures:0","P_CL","","stop_closure","50","30","27.77777777777778","39","38","-1","{""source"":""PP"",""minimum_ms"":50,""inherent_ms"":90,""unstressed_scale"":0.5,""citations"":[""Allen et al. 1987 Table 9-1 p.96 (row named by source)"",""Engineering adaptation: source MIN/INHERENT ratio scaled to Qlatt duration basis""]}","remap_stops_to_closures; remap_stops_to_closures; non_word_initial_consonant_shortening; word_medial_consonant_shortening; cluster_shortening; pre_boundary_lengthening; duration_cap; duration_floor_default"
"Ship shape, sheep shop, and cheap chips.","segment_2:remap_stops_to_closures:0:insert_mapped_voiceless_release_and_aspiration:0","P_REL","","stop_release","2.931034482758621","0","0","5","5","0","{""source"":""uncompressed"",""minimum_ms"":0,""inherent_ms"":1,""unstressed_scale"":0.5,""citations"":[""Allen et al. 1987 Table 9-1 p.96 (row named by source)"",""Engineering adaptation: source MIN/INHERENT ratio scaled to Qlatt duration basis"",""Engineering policy: silence and generated release/aspiration use explicit timing and timeline safety floors""]}","insert_mapped_voiceless_release_and_aspiration; insert_mapped_voiceless_release_and_aspiration; cluster_shortening; duration_cap; lock_stop_release_duration; duration_floor_stop_release"
"Ship shape, sheep shop, and cheap chips.","segment_2:remap_stops_to_closures:0:insert_mapped_voiceless_release_and_aspiration:1","P_ASP","","stop_aspiration","31.06896551724138","0","0","31","31","0","{""source"":""uncompressed"",""minimum_ms"":0,""inherent_ms"":1,""unstressed_scale"":0.5,""citations"":[""Allen et al. 1987 Table 9-1 p.96 (row named by source)"",""Engineering adaptation: source MIN/INHERENT ratio scaled to Qlatt duration basis"",""Engineering policy: silence and generated release/aspiration use explicit timing and timeline safety floors""]}","insert_mapped_voiceless_release_and_aspiration; insert_mapped_voiceless_release_and_aspiration; cluster_shortening; duration_cap; lock_stop_release_duration; duration_floor_stop_release"
"Ship shape, sheep shop, and cheap chips.","segment_2:remap_stops_to_closures:0:insert_mapped_voiceless_release_and_aspiration:2","SH","","fricative","100","60","76.19047619047619","97","99","2","{""source"":""SH"",""minimum_ms"":80,""inherent_ms"":105,""unstressed_scale"":0.5,""citations"":[""Allen et al. 1987 Table 9-1 p.96 (row named by source)"",""Engineering adaptation: source MIN/INHERENT ratio scaled to Qlatt duration basis""]}","insert_mapped_voiceless_release_and_aspiration; word_initial_lengthening; cluster_shortening; duration_cap; fricative_minimum_duration; duration_floor_default"
"Ship shape, sheep shop, and cheap chips.","segment_4:expand_diphthongs:0","EH1","1","vowel","120","50.4","44.8","127","130","3","{""source"":""EH"",""minimum_ms"":70,""inherent_ms"":150,""unstressed_scale"":0.5,""citations"":[""Allen et al. 1987 Table 9-1 p.96 (row named by source)"",""Engineering adaptation: source MIN/INHERENT ratio scaled to Qlatt duration basis""]}","expand_diphthongs; expand_diphthongs; stress_duration; accent_vowel_lengthening; polysyllabic_shortening; vowel_shortening; pre_boundary_lengthening; duration_cap; duration_floor_default"
"Ship shape, sheep shop, and cheap chips.","segment_4:expand_diphthongs:1","Y","0","glide","80","48","16","56","42","-14","{""source"":""YY"",""minimum_ms"":40,""inherent_ms"":80,""unstressed_scale"":0.5,""citations"":[""Allen et al. 1987 Table 9-1 p.96 (row named by source)"",""Engineering adaptation: source MIN/INHERENT ratio scaled to Qlatt duration basis""]}","expand_diphthongs; expand_diphthongs; non_word_initial_consonant_shortening; word_medial_consonant_shortening; unstressed_consonant_shortening; cluster_shortening; pre_boundary_lengthening; duration_cap; duration_floor_default"
"Ship shape, sheep shop, and cheap chips.","segment_5:remap_stops_to_closures:0","P_CL","","stop_closure","50","30","27.77777777777778","40","39","-1","{""source"":""PP"",""minimum_ms"":50,""inherent_ms"":90,""unstressed_scale"":0.5,""citations"":[""Allen et al. 1987 Table 9-1 p.96 (row named by source)"",""Engineering adaptation: source MIN/INHERENT ratio scaled to Qlatt duration basis""]}","remap_stops_to_closures; remap_stops_to_closures; non_word_initial_consonant_shortening; word_medial_consonant_shortening; cluster_shortening; pre_boundary_lengthening; duration_cap; duration_floor_default"
"Ship shape, sheep shop, and cheap chips.","segment_5:remap_stops_to_closures:0:insert_mapped_voiceless_release_and_aspiration:0","P_REL","","stop_release","15","0","0","15","15","0","{""source"":""uncompressed"",""minimum_ms"":0,""inherent_ms"":1,""unstressed_scale"":0.5,""citations"":[""Allen et al. 1987 Table 9-1 p.96 (row named by source)"",""Engineering adaptation: source MIN/INHERENT ratio scaled to Qlatt duration basis"",""Engineering policy: silence and generated release/aspiration use explicit timing and timeline safety floors""]}","insert_mapped_voiceless_release_and_aspiration; insert_mapped_voiceless_release_and_aspiration; cluster_shortening; duration_cap; lock_stop_release_duration; duration_floor_stop_release"
"Ship shape, sheep shop, and cheap chips.","segment_5:remap_stops_to_closures:0:insert_mapped_voiceless_release_and_aspiration:1","P_ASP","","stop_aspiration","15.53448275862069","0","0","16","16","0","{""source"":""uncompressed"",""minimum_ms"":0,""inherent_ms"":1,""unstressed_scale"":0.5,""citations"":[""Allen et al. 1987 Table 9-1 p.96 (row named by source)"",""Engineering adaptation: source MIN/INHERENT ratio scaled to Qlatt duration basis"",""Engineering policy: silence and generated release/aspiration use explicit timing and timeline safety floors""]}","insert_mapped_voiceless_release_and_aspiration; insert_mapped_voiceless_release_and_aspiration; cluster_shortening; duration_cap; lock_stop_release_duration; duration_floor_stop_release"
"Ship shape, sheep shop, and cheap chips.","segment_5:remap_stops_to_closures:0:insert_mapped_voiceless_release_and_aspiration:2","SIL","","silence","100","60","0","150","150","0","{""source"":""uncompressed"",""minimum_ms"":0,""inherent_ms"":1,""unstressed_scale"":0.5,""citations"":[""Allen et al. 1987 Table 9-1 p.96 (row named by source)"",""Engineering adaptation: source MIN/INHERENT ratio scaled to Qlatt duration basis"",""Engineering policy: silence and generated release/aspiration use explicit timing and timeline safety floors""]}","insert_mapped_voiceless_release_and_aspiration; punctuation_pause; duration_floor_default"
"Ship shape, sheep shop, and cheap chips.","segment_7","SH","","fricative","100","60","76.19047619047619","102","102","0","{""source"":""SH"",""minimum_ms"":80,""inherent_ms"":105,""unstressed_scale"":0.5,""citations"":[""Allen et al. 1987 Table 9-1 p.96 (row named by source)"",""Engineering adaptation: source MIN/INHERENT ratio scaled to Qlatt duration basis""]}","inventory_materialization; word_initial_lengthening; cluster_shortening; duration_cap; fricative_minimum_duration; duration_floor_default"
"Ship shape, sheep shop, and cheap chips.","segment_8","IY","1","vowel","150","63","53.225806451612904","154","155","1","{""source"":""IY"",""minimum_ms"":55,""inherent_ms"":155,""unstressed_scale"":0.5,""citations"":[""Allen et al. 1987 Table 9-1 p.96 (row named by source)"",""Engineering adaptation: source MIN/INHERENT ratio scaled to Qlatt duration basis""]}","inventory_materialization; stress_duration; accent_vowel_lengthening; vowel_shortening; pre_boundary_lengthening; duration_cap; duration_floor_default"
"Ship shape, sheep shop, and cheap chips.","segment_9:remap_stops_to_closures:0","P_CL","","stop_closure","50","30","27.77777777777778","39","38","-1","{""source"":""PP"",""minimum_ms"":50,""inherent_ms"":90,""unstressed_scale"":0.5,""citations"":[""Allen et al. 1987 Table 9-1 p.96 (row named by source)"",""Engineering adaptation: source MIN/INHERENT ratio scaled to Qlatt duration basis""]}","remap_stops_to_closures; remap_stops_to_closures; non_word_initial_consonant_shortening; word_medial_consonant_shortening; cluster_shortening; pre_boundary_lengthening; duration_cap; duration_floor_default"
"Ship shape, sheep shop, and cheap chips.","segment_9:remap_stops_to_closures:0:insert_mapped_voiceless_release_and_aspiration:0","P_REL","","stop_release","2.931034482758621","0","0","5","5","0","{""source"":""uncompressed"",""minimum_ms"":0,""inherent_ms"":1,""unstressed_scale"":0.5,""citations"":[""Allen et al. 1987 Table 9-1 p.96 (row named by source)"",""Engineering adaptation: source MIN/INHERENT ratio scaled to Qlatt duration basis"",""Engineering policy: silence and generated release/aspiration use explicit timing and timeline safety floors""]}","insert_mapped_voiceless_release_and_aspiration; insert_mapped_voiceless_release_and_aspiration; cluster_shortening; duration_cap; lock_stop_release_duration; duration_floor_stop_release"
"Ship shape, sheep shop, and cheap chips.","segment_9:remap_stops_to_closures:0:insert_mapped_voiceless_release_and_aspiration:1","P_ASP","","stop_aspiration","31.06896551724138","0","0","31","31","0","{""source"":""uncompressed"",""minimum_ms"":0,""inherent_ms"":1,""unstressed_scale"":0.5,""citations"":[""Allen et al. 1987 Table 9-1 p.96 (row named by source)"",""Engineering adaptation: source MIN/INHERENT ratio scaled to Qlatt duration basis"",""Engineering policy: silence and generated release/aspiration use explicit timing and timeline safety floors""]}","insert_mapped_voiceless_release_and_aspiration; insert_mapped_voiceless_release_and_aspiration; cluster_shortening; duration_cap; lock_stop_release_duration; duration_floor_stop_release"
"Ship shape, sheep shop, and cheap chips.","segment_9:remap_stops_to_closures:0:insert_mapped_voiceless_release_and_aspiration:2","SH","","fricative","100","60","76.19047619047619","97","99","2","{""source"":""SH"",""minimum_ms"":80,""inherent_ms"":105,""unstressed_scale"":0.5,""citations"":[""Allen et al. 1987 Table 9-1 p.96 (row named by source)"",""Engineering adaptation: source MIN/INHERENT ratio scaled to Qlatt duration basis""]}","insert_mapped_voiceless_release_and_aspiration; word_initial_lengthening; cluster_shortening; duration_cap; fricative_minimum_duration; duration_floor_default"
"Ship shape, sheep shop, and cheap chips.","segment_11","AA","1","vowel","180","75.6","75","230","231","1","{""source"":""AA"",""minimum_ms"":100,""inherent_ms"":240,""unstressed_scale"":0.5,""citations"":[""Allen et al. 1987 Table 9-1 p.96 (row named by source)"",""Engineering adaptation: source MIN/INHERENT ratio scaled to Qlatt duration basis""]}","inventory_materialization; stress_duration; accent_vowel_lengthening; vowel_shortening; pre_boundary_lengthening; duration_cap; duration_floor_default"
"Ship shape, sheep shop, and cheap chips.","segment_12:remap_stops_to_closures:0","P_CL","","stop_closure","50","30","27.77777777777778","40","39","-1","{""source"":""PP"",""minimum_ms"":50,""inherent_ms"":90,""unstressed_scale"":0.5,""citations"":[""Allen et al. 1987 Table 9-1 p.96 (row named by source)"",""Engineering adaptation: source MIN/INHERENT ratio scaled to Qlatt duration basis""]}","remap_stops_to_closures; remap_stops_to_closures; non_word_initial_consonant_shortening; word_medial_consonant_shortening; cluster_shortening; pre_boundary_lengthening; duration_cap; duration_floor_default"
"Ship shape, sheep shop, and cheap chips.","segment_12:remap_stops_to_closures:0:insert_mapped_voiceless_release_and_aspiration:0","P_REL","","stop_release","15","0","0","15","15","0","{""source"":""uncompressed"",""minimum_ms"":0,""inherent_ms"":1,""unstressed_scale"":0.5,""citations"":[""Allen et al. 1987 Table 9-1 p.96 (row named by source)"",""Engineering adaptation: source MIN/INHERENT ratio scaled to Qlatt duration basis"",""Engineering policy: silence and generated release/aspiration use explicit timing and timeline safety floors""]}","insert_mapped_voiceless_release_and_aspiration; insert_mapped_voiceless_release_and_aspiration; cluster_shortening; duration_cap; lock_stop_release_duration; duration_floor_stop_release"
"Ship shape, sheep shop, and cheap chips.","segment_12:remap_stops_to_closures:0:insert_mapped_voiceless_release_and_aspiration:1","P_ASP","","stop_aspiration","15.53448275862069","0","0","16","16","0","{""source"":""uncompressed"",""minimum_ms"":0,""inherent_ms"":1,""unstressed_scale"":0.5,""citations"":[""Allen et al. 1987 Table 9-1 p.96 (row named by source)"",""Engineering adaptation: source MIN/INHERENT ratio scaled to Qlatt duration basis"",""Engineering policy: silence and generated release/aspiration use explicit timing and timeline safety floors""]}","insert_mapped_voiceless_release_and_aspiration; insert_mapped_voiceless_release_and_aspiration; cluster_shortening; duration_cap; lock_stop_release_duration; duration_floor_stop_release"
"Ship shape, sheep shop, and cheap chips.","segment_12:remap_stops_to_closures:0:insert_mapped_voiceless_release_and_aspiration:2","SIL","","silence","100","60","0","150","150","0","{""source"":""uncompressed"",""minimum_ms"":0,""inherent_ms"":1,""unstressed_scale"":0.5,""citations"":[""Allen et al. 1987 Table 9-1 p.96 (row named by source)"",""Engineering adaptation: source MIN/INHERENT ratio scaled to Qlatt duration basis"",""Engineering policy: silence and generated release/aspiration use explicit timing and timeline safety floors""]}","insert_mapped_voiceless_release_and_aspiration; punctuation_pause; duration_floor_default"
"Ship shape, sheep shop, and cheap chips.","segment_14","AH","0","vowel","50","21","10.714285714285714","41","37","-4","{""source"":""AH"",""minimum_ms"":60,""inherent_ms"":140,""unstressed_scale"":0.5,""citations"":[""Allen et al. 1987 Table 9-1 p.96 (row named by source)"",""Engineering adaptation: source MIN/INHERENT ratio scaled to Qlatt duration basis""]}","inventory_materialization; stress_duration; vowel_shortening; pre_boundary_lengthening; duration_cap; duration_floor_default"
"Ship shape, sheep shop, and cheap chips.","segment_15","N","","nasal","70","42","58.333333333333336","57","65","8","{""source"":""NN"",""minimum_ms"":50,""inherent_ms"":60,""unstressed_scale"":0.5,""citations"":[""Allen et al. 1987 Table 9-1 p.96 (row named by source)"",""Engineering adaptation: source MIN/INHERENT ratio scaled to Qlatt duration basis""]}","inventory_materialization; non_word_initial_consonant_shortening; word_medial_consonant_shortening; cluster_shortening; pre_boundary_lengthening; duration_cap; duration_floor_default"
"Ship shape, sheep shop, and cheap chips.","segment_16:remap_stops_to_closures:0","D_CL","","stop_closure","50","30","33.333333333333336","41","42","1","{""source"":""DD"",""minimum_ms"":50,""inherent_ms"":75,""unstressed_scale"":0.5,""citations"":[""Allen et al. 1987 Table 9-1 p.96 (row named by source)"",""Engineering adaptation: source MIN/INHERENT ratio scaled to Qlatt duration basis""]}","remap_stops_to_closures; remap_stops_to_closures; non_word_initial_consonant_shortening; cluster_shortening; pre_boundary_lengthening; duration_cap; duration_floor_default"
"Ship shape, sheep shop, and cheap chips.","segment_17:expand_affricates_with_closure:0","CH_CL","","stop_closure","16","9.6","11.428571428571429","20","20","0","{""source"":""CH"",""minimum_ms"":50,""inherent_ms"":70,""unstressed_scale"":0.5,""citations"":[""Allen et al. 1987 Table 9-1 p.96 (row named by source)"",""Engineering adaptation: source MIN/INHERENT ratio scaled to Qlatt duration basis""]}","expand_affricates_with_closure; expand_affricates_with_closure; word_initial_lengthening; cluster_shortening; duration_cap; duration_floor_default"
"Ship shape, sheep shop, and cheap chips.","segment_17:expand_affricates_with_closure:1","CH","","affricate","54","32.4","27.142857142857142","34","32","-2","{""source"":""CH"",""minimum_ms"":50,""inherent_ms"":70,""unstressed_scale"":0.5,""citations"":[""Allen et al. 1987 Table 9-1 p.96 (row named by source)"",""Engineering adaptation: source MIN/INHERENT ratio scaled to Qlatt duration basis""]}","expand_affricates_with_closure; expand_affricates_with_closure; non_word_initial_consonant_shortening; word_medial_consonant_shortening; cluster_shortening; duration_cap; duration_floor_default"
"Ship shape, sheep shop, and cheap chips.","segment_18","IY","1","vowel","150","63","53.225806451612904","154","155","1","{""source"":""IY"",""minimum_ms"":55,""inherent_ms"":155,""unstressed_scale"":0.5,""citations"":[""Allen et al. 1987 Table 9-1 p.96 (row named by source)"",""Engineering adaptation: source MIN/INHERENT ratio scaled to Qlatt duration basis""]}","inventory_materialization; stress_duration; accent_vowel_lengthening; vowel_shortening; pre_boundary_lengthening; duration_cap; duration_floor_default"
"Ship shape, sheep shop, and cheap chips.","segment_19:remap_stops_to_closures:0","P_CL","","stop_closure","50","30","27.77777777777778","41","40","-1","{""source"":""PP"",""minimum_ms"":50,""inherent_ms"":90,""unstressed_scale"":0.5,""citations"":[""Allen et al. 1987 Table 9-1 p.96 (row named by source)"",""Engineering adaptation: source MIN/INHERENT ratio scaled to Qlatt duration basis""]}","remap_stops_to_closures; remap_stops_to_closures; non_word_initial_consonant_shortening; cluster_shortening; pre_boundary_lengthening; duration_cap; duration_floor_default"
"Ship shape, sheep shop, and cheap chips.","segment_20:expand_affricates_with_closure:0","CH_CL","","stop_closure","16","9.6","11.428571428571429","20","20","0","{""source"":""CH"",""minimum_ms"":50,""inherent_ms"":70,""unstressed_scale"":0.5,""citations"":[""Allen et al. 1987 Table 9-1 p.96 (row named by source)"",""Engineering adaptation: source MIN/INHERENT ratio scaled to Qlatt duration basis""]}","expand_affricates_with_closure; expand_affricates_with_closure; word_initial_lengthening; cluster_shortening; duration_cap; duration_floor_default"
"Ship shape, sheep shop, and cheap chips.","segment_20:expand_affricates_with_closure:1","CH","","affricate","54","32.4","27.142857142857142","34","32","-2","{""source"":""CH"",""minimum_ms"":50,""inherent_ms"":70,""unstressed_scale"":0.5,""citations"":[""Allen et al. 1987 Table 9-1 p.96 (row named by source)"",""Engineering adaptation: source MIN/INHERENT ratio scaled to Qlatt duration basis""]}","expand_affricates_with_closure; expand_affricates_with_closure; non_word_initial_consonant_shortening; word_medial_consonant_shortening; cluster_shortening; duration_cap; duration_floor_default"
"Ship shape, sheep shop, and cheap chips.","segment_21","IH","1","vowel","100","42","29.62962962962963","141","150","9","{""source"":""IH"",""minimum_ms"":40,""inherent_ms"":135,""unstressed_scale"":0.5,""citations"":[""Allen et al. 1987 Table 9-1 p.96 (row named by source)"",""Engineering adaptation: source MIN/INHERENT ratio scaled to Qlatt duration basis""]}","inventory_materialization; stress_duration; accent_vowel_lengthening; vowel_shortening; pre_boundary_lengthening; duration_cap; duration_floor_default"
"Ship shape, sheep shop, and cheap chips.","segment_22:remap_stops_to_closures:0","P_CL","","stop_closure","50","30","27.77777777777778","41","40","-1","{""source"":""PP"",""minimum_ms"":50,""inherent_ms"":90,""unstressed_scale"":0.5,""citations"":[""Allen et al. 1987 Table 9-1 p.96 (row named by source)"",""Engineering adaptation: source MIN/INHERENT ratio scaled to Qlatt duration basis""]}","remap_stops_to_closures; remap_stops_to_closures; non_word_initial_consonant_shortening; word_medial_consonant_shortening; cluster_shortening; pre_boundary_lengthening; duration_cap; duration_floor_default"
"Ship shape, sheep shop, and cheap chips.","segment_22:remap_stops_to_closures:0:insert_mapped_voiceless_release_and_aspiration:0","P_REL","","stop_release","2.931034482758621","0","0","5","5","0","{""source"":""uncompressed"",""minimum_ms"":0,""inherent_ms"":1,""unstressed_scale"":0.5,""citations"":[""Allen et al. 1987 Table 9-1 p.96 (row named by source)"",""Engineering adaptation: source MIN/INHERENT ratio scaled to Qlatt duration basis"",""Engineering policy: silence and generated release/aspiration use explicit timing and timeline safety floors""]}","insert_mapped_voiceless_release_and_aspiration; insert_mapped_voiceless_release_and_aspiration; cluster_shortening; duration_cap; lock_stop_release_duration; duration_floor_stop_release"
"Ship shape, sheep shop, and cheap chips.","segment_22:remap_stops_to_closures:0:insert_mapped_voiceless_release_and_aspiration:1","P_ASP","","stop_aspiration","31.06896551724138","0","0","31","31","0","{""source"":""uncompressed"",""minimum_ms"":0,""inherent_ms"":1,""unstressed_scale"":0.5,""citations"":[""Allen et al. 1987 Table 9-1 p.96 (row named by source)"",""Engineering adaptation: source MIN/INHERENT ratio scaled to Qlatt duration basis"",""Engineering policy: silence and generated release/aspiration use explicit timing and timeline safety floors""]}","insert_mapped_voiceless_release_and_aspiration; insert_mapped_voiceless_release_and_aspiration; cluster_shortening; duration_cap; lock_stop_release_duration; duration_floor_stop_release"
"Ship shape, sheep shop, and cheap chips.","segment_22:remap_stops_to_closures:0:insert_mapped_voiceless_release_and_aspiration:2","S","","fricative","100","60","57.142857142857146","82","80","-2","{""source"":""SS"",""minimum_ms"":60,""inherent_ms"":105,""unstressed_scale"":0.5,""citations"":[""Allen et al. 1987 Table 9-1 p.96 (row named by source)"",""Engineering adaptation: source MIN/INHERENT ratio scaled to Qlatt duration basis""]}","insert_mapped_voiceless_release_and_aspiration; non_word_initial_consonant_shortening; cluster_shortening; duration_cap; fricative_minimum_duration; duration_floor_default"
"Ship shape, sheep shop, and cheap chips.","segment_24","SIL","","silence","100","60","0","300","300","0","{""source"":""uncompressed"",""minimum_ms"":0,""inherent_ms"":1,""unstressed_scale"":0.5,""citations"":[""Allen et al. 1987 Table 9-1 p.96 (row named by source)"",""Engineering adaptation: source MIN/INHERENT ratio scaled to Qlatt duration basis"",""Engineering policy: silence and generated release/aspiration use explicit timing and timeline safety floors""]}","inventory_materialization; punctuation_pause; duration_floor_default"
"Sip zip, sip ship, sip sip.","segment_0","S","","fricative","100","60","57.142857142857146","102","103","1","{""source"":""SS"",""minimum_ms"":60,""inherent_ms"":105,""unstressed_scale"":0.5,""citations"":[""Allen et al. 1987 Table 9-1 p.96 (row named by source)"",""Engineering adaptation: source MIN/INHERENT ratio scaled to Qlatt duration basis""]}","inventory_materialization; word_initial_lengthening; cluster_shortening; duration_cap; fricative_minimum_duration; duration_floor_default"
"Sip zip, sip ship, sip sip.","segment_1","IH","1","vowel","100","42","29.62962962962963","102","103","1","{""source"":""IH"",""minimum_ms"":40,""inherent_ms"":135,""unstressed_scale"":0.5,""citations"":[""Allen et al. 1987 Table 9-1 p.96 (row named by source)"",""Engineering adaptation: source MIN/INHERENT ratio scaled to Qlatt duration basis""]}","inventory_materialization; stress_duration; accent_vowel_lengthening; vowel_shortening; pre_boundary_lengthening; duration_cap; duration_floor_default"
"Sip zip, sip ship, sip sip.","segment_2:remap_stops_to_closures:0","P_CL","","stop_closure","50","30","27.77777777777778","39","38","-1","{""source"":""PP"",""minimum_ms"":50,""inherent_ms"":90,""unstressed_scale"":0.5,""citations"":[""Allen et al. 1987 Table 9-1 p.96 (row named by source)"",""Engineering adaptation: source MIN/INHERENT ratio scaled to Qlatt duration basis""]}","remap_stops_to_closures; remap_stops_to_closures; non_word_initial_consonant_shortening; word_medial_consonant_shortening; cluster_shortening; pre_boundary_lengthening; duration_cap; duration_floor_default"
"Sip zip, sip ship, sip sip.","segment_2:remap_stops_to_closures:0:insert_mapped_voiceless_release_and_aspiration:0","P_REL","","stop_release","2.931034482758621","0","0","5","5","0","{""source"":""uncompressed"",""minimum_ms"":0,""inherent_ms"":1,""unstressed_scale"":0.5,""citations"":[""Allen et al. 1987 Table 9-1 p.96 (row named by source)"",""Engineering adaptation: source MIN/INHERENT ratio scaled to Qlatt duration basis"",""Engineering policy: silence and generated release/aspiration use explicit timing and timeline safety floors""]}","insert_mapped_voiceless_release_and_aspiration; insert_mapped_voiceless_release_and_aspiration; cluster_shortening; duration_cap; lock_stop_release_duration; duration_floor_stop_release"
"Sip zip, sip ship, sip sip.","segment_2:remap_stops_to_closures:0:insert_mapped_voiceless_release_and_aspiration:1","P_ASP","","stop_aspiration","31.06896551724138","0","0","10","10","0","{""source"":""uncompressed"",""minimum_ms"":0,""inherent_ms"":1,""unstressed_scale"":0.5,""citations"":[""Allen et al. 1987 Table 9-1 p.96 (row named by source)"",""Engineering adaptation: source MIN/INHERENT ratio scaled to Qlatt duration basis"",""Engineering policy: silence and generated release/aspiration use explicit timing and timeline safety floors""]}","insert_mapped_voiceless_release_and_aspiration; insert_mapped_voiceless_release_and_aspiration; cluster_shortening; duration_cap; lock_stop_release_duration; s_cluster_aspiration_reduction; duration_floor_stop_release"
"Sip zip, sip ship, sip sip.","segment_2:remap_stops_to_closures:0:insert_mapped_voiceless_release_and_aspiration:2","Z","","fricative","90","54","48","88","87","-1","{""source"":""ZZ"",""minimum_ms"":40,""inherent_ms"":75,""unstressed_scale"":0.5,""citations"":[""Allen et al. 1987 Table 9-1 p.96 (row named by source)"",""Engineering adaptation: source MIN/INHERENT ratio scaled to Qlatt duration basis""]}","insert_mapped_voiceless_release_and_aspiration; word_initial_lengthening; cluster_shortening; duration_cap; fricative_minimum_duration; duration_floor_default"
"Sip zip, sip ship, sip sip.","segment_4","IH","1","vowel","100","42","29.62962962962963","128","134","6","{""source"":""IH"",""minimum_ms"":40,""inherent_ms"":135,""unstressed_scale"":0.5,""citations"":[""Allen et al. 1987 Table 9-1 p.96 (row named by source)"",""Engineering adaptation: source MIN/INHERENT ratio scaled to Qlatt duration basis""]}","inventory_materialization; stress_duration; accent_vowel_lengthening; vowel_shortening; pre_boundary_lengthening; duration_cap; duration_floor_default"
"Sip zip, sip ship, sip sip.","segment_5:remap_stops_to_closures:0","P_CL","","stop_closure","50","30","27.77777777777778","40","39","-1","{""source"":""PP"",""minimum_ms"":50,""inherent_ms"":90,""unstressed_scale"":0.5,""citations"":[""Allen et al. 1987 Table 9-1 p.96 (row named by source)"",""Engineering adaptation: source MIN/INHERENT ratio scaled to Qlatt duration basis""]}","remap_stops_to_closures; remap_stops_to_closures; non_word_initial_consonant_shortening; word_medial_consonant_shortening; cluster_shortening; pre_boundary_lengthening; duration_cap; duration_floor_default"
"Sip zip, sip ship, sip sip.","segment_5:remap_stops_to_closures:0:insert_mapped_voiceless_release_and_aspiration:0","P_REL","","stop_release","15","0","0","15","15","0","{""source"":""uncompressed"",""minimum_ms"":0,""inherent_ms"":1,""unstressed_scale"":0.5,""citations"":[""Allen et al. 1987 Table 9-1 p.96 (row named by source)"",""Engineering adaptation: source MIN/INHERENT ratio scaled to Qlatt duration basis"",""Engineering policy: silence and generated release/aspiration use explicit timing and timeline safety floors""]}","insert_mapped_voiceless_release_and_aspiration; insert_mapped_voiceless_release_and_aspiration; cluster_shortening; duration_cap; lock_stop_release_duration; duration_floor_stop_release"
"Sip zip, sip ship, sip sip.","segment_5:remap_stops_to_closures:0:insert_mapped_voiceless_release_and_aspiration:1","P_ASP","","stop_aspiration","15.53448275862069","0","0","16","16","0","{""source"":""uncompressed"",""minimum_ms"":0,""inherent_ms"":1,""unstressed_scale"":0.5,""citations"":[""Allen et al. 1987 Table 9-1 p.96 (row named by source)"",""Engineering adaptation: source MIN/INHERENT ratio scaled to Qlatt duration basis"",""Engineering policy: silence and generated release/aspiration use explicit timing and timeline safety floors""]}","insert_mapped_voiceless_release_and_aspiration; insert_mapped_voiceless_release_and_aspiration; cluster_shortening; duration_cap; lock_stop_release_duration; duration_floor_stop_release"
"Sip zip, sip ship, sip sip.","segment_5:remap_stops_to_closures:0:insert_mapped_voiceless_release_and_aspiration:2","SIL","","silence","100","60","0","150","150","0","{""source"":""uncompressed"",""minimum_ms"":0,""inherent_ms"":1,""unstressed_scale"":0.5,""citations"":[""Allen et al. 1987 Table 9-1 p.96 (row named by source)"",""Engineering adaptation: source MIN/INHERENT ratio scaled to Qlatt duration basis"",""Engineering policy: silence and generated release/aspiration use explicit timing and timeline safety floors""]}","insert_mapped_voiceless_release_and_aspiration; punctuation_pause; duration_floor_default"
"Sip zip, sip ship, sip sip.","segment_7","S","","fricative","100","60","57.142857142857146","102","103","1","{""source"":""SS"",""minimum_ms"":60,""inherent_ms"":105,""unstressed_scale"":0.5,""citations"":[""Allen et al. 1987 Table 9-1 p.96 (row named by source)"",""Engineering adaptation: source MIN/INHERENT ratio scaled to Qlatt duration basis""]}","inventory_materialization; word_initial_lengthening; cluster_shortening; duration_cap; fricative_minimum_duration; duration_floor_default"
"Sip zip, sip ship, sip sip.","segment_8","IH","1","vowel","100","42","29.62962962962963","102","103","1","{""source"":""IH"",""minimum_ms"":40,""inherent_ms"":135,""unstressed_scale"":0.5,""citations"":[""Allen et al. 1987 Table 9-1 p.96 (row named by source)"",""Engineering adaptation: source MIN/INHERENT ratio scaled to Qlatt duration basis""]}","inventory_materialization; stress_duration; accent_vowel_lengthening; vowel_shortening; pre_boundary_lengthening; duration_cap; duration_floor_default"
"Sip zip, sip ship, sip sip.","segment_9:remap_stops_to_closures:0","P_CL","","stop_closure","50","30","27.77777777777778","39","38","-1","{""source"":""PP"",""minimum_ms"":50,""inherent_ms"":90,""unstressed_scale"":0.5,""citations"":[""Allen et al. 1987 Table 9-1 p.96 (row named by source)"",""Engineering adaptation: source MIN/INHERENT ratio scaled to Qlatt duration basis""]}","remap_stops_to_closures; remap_stops_to_closures; non_word_initial_consonant_shortening; word_medial_consonant_shortening; cluster_shortening; pre_boundary_lengthening; duration_cap; duration_floor_default"
"Sip zip, sip ship, sip sip.","segment_9:remap_stops_to_closures:0:insert_mapped_voiceless_release_and_aspiration:0","P_REL","","stop_release","2.931034482758621","0","0","5","5","0","{""source"":""uncompressed"",""minimum_ms"":0,""inherent_ms"":1,""unstressed_scale"":0.5,""citations"":[""Allen et al. 1987 Table 9-1 p.96 (row named by source)"",""Engineering adaptation: source MIN/INHERENT ratio scaled to Qlatt duration basis"",""Engineering policy: silence and generated release/aspiration use explicit timing and timeline safety floors""]}","insert_mapped_voiceless_release_and_aspiration; insert_mapped_voiceless_release_and_aspiration; cluster_shortening; duration_cap; lock_stop_release_duration; duration_floor_stop_release"
"Sip zip, sip ship, sip sip.","segment_9:remap_stops_to_closures:0:insert_mapped_voiceless_release_and_aspiration:1","P_ASP","","stop_aspiration","31.06896551724138","0","0","10","10","0","{""source"":""uncompressed"",""minimum_ms"":0,""inherent_ms"":1,""unstressed_scale"":0.5,""citations"":[""Allen et al. 1987 Table 9-1 p.96 (row named by source)"",""Engineering adaptation: source MIN/INHERENT ratio scaled to Qlatt duration basis"",""Engineering policy: silence and generated release/aspiration use explicit timing and timeline safety floors""]}","insert_mapped_voiceless_release_and_aspiration; insert_mapped_voiceless_release_and_aspiration; cluster_shortening; duration_cap; lock_stop_release_duration; s_cluster_aspiration_reduction; duration_floor_stop_release"
"Sip zip, sip ship, sip sip.","segment_9:remap_stops_to_closures:0:insert_mapped_voiceless_release_and_aspiration:2","SH","","fricative","100","60","76.19047619047619","97","99","2","{""source"":""SH"",""minimum_ms"":80,""inherent_ms"":105,""unstressed_scale"":0.5,""citations"":[""Allen et al. 1987 Table 9-1 p.96 (row named by source)"",""Engineering adaptation: source MIN/INHERENT ratio scaled to Qlatt duration basis""]}","insert_mapped_voiceless_release_and_aspiration; word_initial_lengthening; cluster_shortening; duration_cap; fricative_minimum_duration; duration_floor_default"
"Sip zip, sip ship, sip sip.","segment_11","IH","1","vowel","100","42","29.62962962962963","128","134","6","{""source"":""IH"",""minimum_ms"":40,""inherent_ms"":135,""unstressed_scale"":0.5,""citations"":[""Allen et al. 1987 Table 9-1 p.96 (row named by source)"",""Engineering adaptation: source MIN/INHERENT ratio scaled to Qlatt duration basis""]}","inventory_materialization; stress_duration; accent_vowel_lengthening; vowel_shortening; pre_boundary_lengthening; duration_cap; duration_floor_default"
"Sip zip, sip ship, sip sip.","segment_12:remap_stops_to_closures:0","P_CL","","stop_closure","50","30","27.77777777777778","40","39","-1","{""source"":""PP"",""minimum_ms"":50,""inherent_ms"":90,""unstressed_scale"":0.5,""citations"":[""Allen et al. 1987 Table 9-1 p.96 (row named by source)"",""Engineering adaptation: source MIN/INHERENT ratio scaled to Qlatt duration basis""]}","remap_stops_to_closures; remap_stops_to_closures; non_word_initial_consonant_shortening; word_medial_consonant_shortening; cluster_shortening; pre_boundary_lengthening; duration_cap; duration_floor_default"
"Sip zip, sip ship, sip sip.","segment_12:remap_stops_to_closures:0:insert_mapped_voiceless_release_and_aspiration:0","P_REL","","stop_release","15","0","0","15","15","0","{""source"":""uncompressed"",""minimum_ms"":0,""inherent_ms"":1,""unstressed_scale"":0.5,""citations"":[""Allen et al. 1987 Table 9-1 p.96 (row named by source)"",""Engineering adaptation: source MIN/INHERENT ratio scaled to Qlatt duration basis"",""Engineering policy: silence and generated release/aspiration use explicit timing and timeline safety floors""]}","insert_mapped_voiceless_release_and_aspiration; insert_mapped_voiceless_release_and_aspiration; cluster_shortening; duration_cap; lock_stop_release_duration; duration_floor_stop_release"
"Sip zip, sip ship, sip sip.","segment_12:remap_stops_to_closures:0:insert_mapped_voiceless_release_and_aspiration:1","P_ASP","","stop_aspiration","15.53448275862069","0","0","16","16","0","{""source"":""uncompressed"",""minimum_ms"":0,""inherent_ms"":1,""unstressed_scale"":0.5,""citations"":[""Allen et al. 1987 Table 9-1 p.96 (row named by source)"",""Engineering adaptation: source MIN/INHERENT ratio scaled to Qlatt duration basis"",""Engineering policy: silence and generated release/aspiration use explicit timing and timeline safety floors""]}","insert_mapped_voiceless_release_and_aspiration; insert_mapped_voiceless_release_and_aspiration; cluster_shortening; duration_cap; lock_stop_release_duration; duration_floor_stop_release"
"Sip zip, sip ship, sip sip.","segment_12:remap_stops_to_closures:0:insert_mapped_voiceless_release_and_aspiration:2","SIL","","silence","100","60","0","150","150","0","{""source"":""uncompressed"",""minimum_ms"":0,""inherent_ms"":1,""unstressed_scale"":0.5,""citations"":[""Allen et al. 1987 Table 9-1 p.96 (row named by source)"",""Engineering adaptation: source MIN/INHERENT ratio scaled to Qlatt duration basis"",""Engineering policy: silence and generated release/aspiration use explicit timing and timeline safety floors""]}","insert_mapped_voiceless_release_and_aspiration; punctuation_pause; duration_floor_default"
"Sip zip, sip ship, sip sip.","segment_14","S","","fricative","100","60","57.142857142857146","102","103","1","{""source"":""SS"",""minimum_ms"":60,""inherent_ms"":105,""unstressed_scale"":0.5,""citations"":[""Allen et al. 1987 Table 9-1 p.96 (row named by source)"",""Engineering adaptation: source MIN/INHERENT ratio scaled to Qlatt duration basis""]}","inventory_materialization; word_initial_lengthening; cluster_shortening; duration_cap; fricative_minimum_duration; duration_floor_default"
"Sip zip, sip ship, sip sip.","segment_15","IH","1","vowel","100","42","29.62962962962963","141","150","9","{""source"":""IH"",""minimum_ms"":40,""inherent_ms"":135,""unstressed_scale"":0.5,""citations"":[""Allen et al. 1987 Table 9-1 p.96 (row named by source)"",""Engineering adaptation: source MIN/INHERENT ratio scaled to Qlatt duration basis""]}","inventory_materialization; stress_duration; accent_vowel_lengthening; vowel_shortening; pre_boundary_lengthening; duration_cap; duration_floor_default"
"Sip zip, sip ship, sip sip.","segment_16:remap_stops_to_closures:0","P_CL","","stop_closure","50","30","27.77777777777778","41","40","-1","{""source"":""PP"",""minimum_ms"":50,""inherent_ms"":90,""unstressed_scale"":0.5,""citations"":[""Allen et al. 1987 Table 9-1 p.96 (row named by source)"",""Engineering adaptation: source MIN/INHERENT ratio scaled to Qlatt duration basis""]}","remap_stops_to_closures; remap_stops_to_closures; non_word_initial_consonant_shortening; word_medial_consonant_shortening; cluster_shortening; pre_boundary_lengthening; duration_cap; duration_floor_default"
"Sip zip, sip ship, sip sip.","segment_16:remap_stops_to_closures:0:insert_mapped_voiceless_release_and_aspiration:0","P_REL","","stop_release","2.931034482758621","0","0","5","5","0","{""source"":""uncompressed"",""minimum_ms"":0,""inherent_ms"":1,""unstressed_scale"":0.5,""citations"":[""Allen et al. 1987 Table 9-1 p.96 (row named by source)"",""Engineering adaptation: source MIN/INHERENT ratio scaled to Qlatt duration basis"",""Engineering policy: silence and generated release/aspiration use explicit timing and timeline safety floors""]}","insert_mapped_voiceless_release_and_aspiration; insert_mapped_voiceless_release_and_aspiration; cluster_shortening; duration_cap; lock_stop_release_duration; duration_floor_stop_release"
"Sip zip, sip ship, sip sip.","segment_16:remap_stops_to_closures:0:insert_mapped_voiceless_release_and_aspiration:1","P_ASP","","stop_aspiration","31.06896551724138","0","0","10","10","0","{""source"":""uncompressed"",""minimum_ms"":0,""inherent_ms"":1,""unstressed_scale"":0.5,""citations"":[""Allen et al. 1987 Table 9-1 p.96 (row named by source)"",""Engineering adaptation: source MIN/INHERENT ratio scaled to Qlatt duration basis"",""Engineering policy: silence and generated release/aspiration use explicit timing and timeline safety floors""]}","insert_mapped_voiceless_release_and_aspiration; insert_mapped_voiceless_release_and_aspiration; cluster_shortening; duration_cap; lock_stop_release_duration; s_cluster_aspiration_reduction; duration_floor_stop_release"
"Sip zip, sip ship, sip sip.","segment_16:remap_stops_to_closures:0:insert_mapped_voiceless_release_and_aspiration:2","S","","fricative","100","60","57.142857142857146","79","77","-2","{""source"":""SS"",""minimum_ms"":60,""inherent_ms"":105,""unstressed_scale"":0.5,""citations"":[""Allen et al. 1987 Table 9-1 p.96 (row named by source)"",""Engineering adaptation: source MIN/INHERENT ratio scaled to Qlatt duration basis""]}","insert_mapped_voiceless_release_and_aspiration; non_word_initial_consonant_shortening; word_medial_consonant_shortening; cluster_shortening; duration_cap; fricative_minimum_duration; duration_floor_default"
"Sip zip, sip ship, sip sip.","segment_18","IH","1","vowel","100","42","29.62962962962963","132","140","8","{""source"":""IH"",""minimum_ms"":40,""inherent_ms"":135,""unstressed_scale"":0.5,""citations"":[""Allen et al. 1987 Table 9-1 p.96 (row named by source)"",""Engineering adaptation: source MIN/INHERENT ratio scaled to Qlatt duration basis""]}","inventory_materialization; stress_duration; accent_vowel_lengthening; vowel_shortening; pre_boundary_lengthening; duration_cap; duration_floor_default"
"Sip zip, sip ship, sip sip.","segment_19:remap_stops_to_closures:0","P_CL","","stop_closure","50","30","27.77777777777778","41","40","-1","{""source"":""PP"",""minimum_ms"":50,""inherent_ms"":90,""unstressed_scale"":0.5,""citations"":[""Allen et al. 1987 Table 9-1 p.96 (row named by source)"",""Engineering adaptation: source MIN/INHERENT ratio scaled to Qlatt duration basis""]}","remap_stops_to_closures; remap_stops_to_closures; non_word_initial_consonant_shortening; word_medial_consonant_shortening; cluster_shortening; pre_boundary_lengthening; duration_cap; duration_floor_default"
"Sip zip, sip ship, sip sip.","segment_19:remap_stops_to_closures:0:insert_mapped_voiceless_release_and_aspiration:0","P_REL","","stop_release","15","0","0","15","15","0","{""source"":""uncompressed"",""minimum_ms"":0,""inherent_ms"":1,""unstressed_scale"":0.5,""citations"":[""Allen et al. 1987 Table 9-1 p.96 (row named by source)"",""Engineering adaptation: source MIN/INHERENT ratio scaled to Qlatt duration basis"",""Engineering policy: silence and generated release/aspiration use explicit timing and timeline safety floors""]}","insert_mapped_voiceless_release_and_aspiration; insert_mapped_voiceless_release_and_aspiration; cluster_shortening; duration_cap; lock_stop_release_duration; duration_floor_stop_release"
"Sip zip, sip ship, sip sip.","segment_19:remap_stops_to_closures:0:insert_mapped_voiceless_release_and_aspiration:1","P_ASP","","stop_aspiration","15.53448275862069","0","0","10","10","0","{""source"":""uncompressed"",""minimum_ms"":0,""inherent_ms"":1,""unstressed_scale"":0.5,""citations"":[""Allen et al. 1987 Table 9-1 p.96 (row named by source)"",""Engineering adaptation: source MIN/INHERENT ratio scaled to Qlatt duration basis"",""Engineering policy: silence and generated release/aspiration use explicit timing and timeline safety floors""]}","insert_mapped_voiceless_release_and_aspiration; insert_mapped_voiceless_release_and_aspiration; cluster_shortening; duration_cap; lock_stop_release_duration; s_cluster_aspiration_reduction; duration_floor_stop_release"
"Sip zip, sip ship, sip sip.","segment_19:remap_stops_to_closures:0:insert_mapped_voiceless_release_and_aspiration:2","SIL","","silence","100","60","0","300","300","0","{""source"":""uncompressed"",""minimum_ms"":0,""inherent_ms"":1,""unstressed_scale"":0.5,""citations"":[""Allen et al. 1987 Table 9-1 p.96 (row named by source)"",""Engineering adaptation: source MIN/INHERENT ratio scaled to Qlatt duration basis"",""Engineering policy: silence and generated release/aspiration use explicit timing and timeline safety floors""]}","insert_mapped_voiceless_release_and_aspiration; punctuation_pause; duration_floor_default"
"A zoo can be fun on a sunny day.","segment_0","AH","0","vowel","50","21","10.714285714285714","46","45","-1","{""source"":""AH"",""minimum_ms"":60,""inherent_ms"":140,""unstressed_scale"":0.5,""citations"":[""Allen et al. 1987 Table 9-1 p.96 (row named by source)"",""Engineering adaptation: source MIN/INHERENT ratio scaled to Qlatt duration basis""]}","inventory_materialization; stress_duration; vowel_shortening; pre_boundary_lengthening; duration_cap; duration_floor_default"
"A zoo can be fun on a sunny day.","segment_1","Z","","fricative","90","54","48","92","92","0","{""source"":""ZZ"",""minimum_ms"":40,""inherent_ms"":75,""unstressed_scale"":0.5,""citations"":[""Allen et al. 1987 Table 9-1 p.96 (row named by source)"",""Engineering adaptation: source MIN/INHERENT ratio scaled to Qlatt duration basis""]}","inventory_materialization; word_initial_lengthening; cluster_shortening; pre_boundary_lengthening; duration_cap; fricative_minimum_duration; duration_floor_default"
"A zoo can be fun on a sunny day.","segment_2","UW","1","vowel","180","75.6","60","184","185","1","{""source"":""UW"",""minimum_ms"":70,""inherent_ms"":210,""unstressed_scale"":0.5,""citations"":[""Allen et al. 1987 Table 9-1 p.96 (row named by source)"",""Engineering adaptation: source MIN/INHERENT ratio scaled to Qlatt duration basis""]}","inventory_materialization; stress_duration; accent_vowel_lengthening; vowel_shortening; pre_boundary_lengthening; duration_cap; duration_floor_default"
"A zoo can be fun on a sunny day.","segment_3:remap_stops_to_closures:0","K_CL","","stop_closure","60","36","45","62","61","-1","{""source"":""KK"",""minimum_ms"":60,""inherent_ms"":80,""unstressed_scale"":0.5,""citations"":[""Allen et al. 1987 Table 9-1 p.96 (row named by source)"",""Engineering adaptation: source MIN/INHERENT ratio scaled to Qlatt duration basis""]}","remap_stops_to_closures; remap_stops_to_closures; word_initial_lengthening; cluster_shortening; duration_cap; duration_floor_default"
"A zoo can be fun on a sunny day.","segment_3:remap_stops_to_closures:0:insert_mapped_voiceless_release_and_aspiration:0","K_REL","","stop_release","12.951807228915664","0","0","13","13","0","{""source"":""uncompressed"",""minimum_ms"":0,""inherent_ms"":1,""unstressed_scale"":0.5,""citations"":[""Allen et al. 1987 Table 9-1 p.96 (row named by source)"",""Engineering adaptation: source MIN/INHERENT ratio scaled to Qlatt duration basis"",""Engineering policy: silence and generated release/aspiration use explicit timing and timeline safety floors""]}","insert_mapped_voiceless_release_and_aspiration; insert_mapped_voiceless_release_and_aspiration; cluster_shortening; duration_cap; lock_stop_release_duration; duration_floor_stop_release"
"A zoo can be fun on a sunny day.","segment_3:remap_stops_to_closures:0:insert_mapped_voiceless_release_and_aspiration:1","K_ASP","","stop_aspiration","30.048192771084338","0","0","30","30","0","{""source"":""uncompressed"",""minimum_ms"":0,""inherent_ms"":1,""unstressed_scale"":0.5,""citations"":[""Allen et al. 1987 Table 9-1 p.96 (row named by source)"",""Engineering adaptation: source MIN/INHERENT ratio scaled to Qlatt duration basis"",""Engineering policy: silence and generated release/aspiration use explicit timing and timeline safety floors""]}","insert_mapped_voiceless_release_and_aspiration; insert_mapped_voiceless_release_and_aspiration; cluster_shortening; duration_cap; lock_stop_release_duration; duration_floor_stop_release"
"A zoo can be fun on a sunny day.","segment_3:remap_stops_to_closures:0:insert_mapped_voiceless_release_and_aspiration:2","AE","1","vowel","170","71.39999999999999","59.130434782608695","157","154","-3","{""source"":""AE"",""minimum_ms"":80,""inherent_ms"":230,""unstressed_scale"":0.5,""citations"":[""Allen et al. 1987 Table 9-1 p.96 (row named by source)"",""Engineering adaptation: source MIN/INHERENT ratio scaled to Qlatt duration basis""]}","insert_mapped_voiceless_release_and_aspiration; stress_duration; polysyllabic_shortening; vowel_shortening; duration_cap; duration_floor_default"
"A zoo can be fun on a sunny day.","segment_5","N","","nasal","70","42","58.333333333333336","60","66","6","{""source"":""NN"",""minimum_ms"":50,""inherent_ms"":60,""unstressed_scale"":0.5,""citations"":[""Allen et al. 1987 Table 9-1 p.96 (row named by source)"",""Engineering adaptation: source MIN/INHERENT ratio scaled to Qlatt duration basis""]}","inventory_materialization; non_word_initial_consonant_shortening; cluster_shortening; pre_boundary_lengthening; duration_cap; duration_floor_default"
"A zoo can be fun on a sunny day.","segment_6:remap_stops_to_closures:0","B_CL","","stop_closure","45","27","31.764705882352942","46","46","0","{""source"":""BB"",""minimum_ms"":60,""inherent_ms"":85,""unstressed_scale"":0.5,""citations"":[""Allen et al. 1987 Table 9-1 p.96 (row named by source)"",""Engineering adaptation: source MIN/INHERENT ratio scaled to Qlatt duration basis""]}","remap_stops_to_closures; remap_stops_to_closures; word_initial_lengthening; cluster_shortening; pre_boundary_lengthening; duration_cap; duration_floor_default"
"A zoo can be fun on a sunny day.","segment_6:remap_stops_to_closures:0:insert_mapped_voiced_release:0","B_REL","","stop_release","5","0","0","5","5","0","{""source"":""uncompressed"",""minimum_ms"":0,""inherent_ms"":1,""unstressed_scale"":0.5,""citations"":[""Allen et al. 1987 Table 9-1 p.96 (row named by source)"",""Engineering adaptation: source MIN/INHERENT ratio scaled to Qlatt duration basis"",""Engineering policy: silence and generated release/aspiration use explicit timing and timeline safety floors""]}","insert_mapped_voiced_release; insert_mapped_voiced_release; cluster_shortening; duration_cap; lock_stop_release_duration; duration_floor_stop_release"
"A zoo can be fun on a sunny day.","segment_6:remap_stops_to_closures:0:insert_mapped_voiced_release:1","IY","1","vowel","150","63","53.225806451612904","151","151","0","{""source"":""IY"",""minimum_ms"":55,""inherent_ms"":155,""unstressed_scale"":0.5,""citations"":[""Allen et al. 1987 Table 9-1 p.96 (row named by source)"",""Engineering adaptation: source MIN/INHERENT ratio scaled to Qlatt duration basis""]}","insert_mapped_voiced_release; stress_duration; polysyllabic_shortening; vowel_shortening; pre_boundary_lengthening; duration_cap; duration_floor_default"
"A zoo can be fun on a sunny day.","segment_8","F","","fricative","90","54","72","92","91","-1","{""source"":""FF"",""minimum_ms"":80,""inherent_ms"":100,""unstressed_scale"":0.5,""citations"":[""Allen et al. 1987 Table 9-1 p.96 (row named by source)"",""Engineering adaptation: source MIN/INHERENT ratio scaled to Qlatt duration basis""]}","inventory_materialization; word_initial_lengthening; cluster_shortening; duration_cap; fricative_minimum_duration; duration_floor_default"
"A zoo can be fun on a sunny day.","segment_9","AH","1","vowel","100","42","42.857142857142854","115","115","0","{""source"":""AH"",""minimum_ms"":60,""inherent_ms"":140,""unstressed_scale"":0.5,""citations"":[""Allen et al. 1987 Table 9-1 p.96 (row named by source)"",""Engineering adaptation: source MIN/INHERENT ratio scaled to Qlatt duration basis""]}","inventory_materialization; stress_duration; accent_vowel_lengthening; vowel_shortening; duration_cap; duration_floor_default"
"A zoo can be fun on a sunny day.","segment_10","N","","nasal","70","42","58.333333333333336","60","66","6","{""source"":""NN"",""minimum_ms"":50,""inherent_ms"":60,""unstressed_scale"":0.5,""citations"":[""Allen et al. 1987 Table 9-1 p.96 (row named by source)"",""Engineering adaptation: source MIN/INHERENT ratio scaled to Qlatt duration basis""]}","inventory_materialization; non_word_initial_consonant_shortening; cluster_shortening; pre_boundary_lengthening; duration_cap; duration_floor_default"
"A zoo can be fun on a sunny day.","segment_11","AA","1","vowel","180","75.6","75","191","191","0","{""source"":""AA"",""minimum_ms"":100,""inherent_ms"":240,""unstressed_scale"":0.5,""citations"":[""Allen et al. 1987 Table 9-1 p.96 (row named by source)"",""Engineering adaptation: source MIN/INHERENT ratio scaled to Qlatt duration basis""]}","inventory_materialization; stress_duration; vowel_shortening; pre_boundary_lengthening; duration_cap; duration_floor_default"
"A zoo can be fun on a sunny day.","segment_12","N","","nasal","70","42","58.333333333333336","60","66","6","{""source"":""NN"",""minimum_ms"":50,""inherent_ms"":60,""unstressed_scale"":0.5,""citations"":[""Allen et al. 1987 Table 9-1 p.96 (row named by source)"",""Engineering adaptation: source MIN/INHERENT ratio scaled to Qlatt duration basis""]}","inventory_materialization; non_word_initial_consonant_shortening; cluster_shortening; pre_boundary_lengthening; duration_cap; duration_floor_default"
"A zoo can be fun on a sunny day.","segment_13","AH","0","vowel","50","21","10.714285714285714","44","42","-2","{""source"":""AH"",""minimum_ms"":60,""inherent_ms"":140,""unstressed_scale"":0.5,""citations"":[""Allen et al. 1987 Table 9-1 p.96 (row named by source)"",""Engineering adaptation: source MIN/INHERENT ratio scaled to Qlatt duration basis""]}","inventory_materialization; stress_duration; vowel_shortening; pre_boundary_lengthening; duration_cap; duration_floor_default"
"A zoo can be fun on a sunny day.","segment_14","S","","fricative","100","60","57.142857142857146","102","103","1","{""source"":""SS"",""minimum_ms"":60,""inherent_ms"":105,""unstressed_scale"":0.5,""citations"":[""Allen et al. 1987 Table 9-1 p.96 (row named by source)"",""Engineering adaptation: source MIN/INHERENT ratio scaled to Qlatt duration basis""]}","inventory_materialization; word_initial_lengthening; cluster_shortening; duration_cap; fricative_minimum_duration; duration_floor_default"
"A zoo can be fun on a sunny day.","segment_15","AH","1","vowel","100","42","42.857142857142854","99","99","0","{""source"":""AH"",""minimum_ms"":60,""inherent_ms"":140,""unstressed_scale"":0.5,""citations"":[""Allen et al. 1987 Table 9-1 p.96 (row named by source)"",""Engineering adaptation: source MIN/INHERENT ratio scaled to Qlatt duration basis""]}","inventory_materialization; stress_duration; accent_vowel_lengthening; polysyllabic_shortening; vowel_shortening; duration_cap; duration_floor_default"
"A zoo can be fun on a sunny day.","segment_16","N","","nasal","70","42","58.333333333333336","57","65","8","{""source"":""NN"",""minimum_ms"":50,""inherent_ms"":60,""unstressed_scale"":0.5,""citations"":[""Allen et al. 1987 Table 9-1 p.96 (row named by source)"",""Engineering adaptation: source MIN/INHERENT ratio scaled to Qlatt duration basis""]}","inventory_materialization; non_word_initial_consonant_shortening; word_medial_consonant_shortening; cluster_shortening; pre_boundary_lengthening; duration_cap; duration_floor_default"
"A zoo can be fun on a sunny day.","segment_17","IY","0","vowel","70","29.4","12.419354838709678","61","58","-3","{""source"":""IY"",""minimum_ms"":55,""inherent_ms"":155,""unstressed_scale"":0.5,""citations"":[""Allen et al. 1987 Table 9-1 p.96 (row named by source)"",""Engineering adaptation: source MIN/INHERENT ratio scaled to Qlatt duration basis""]}","inventory_materialization; stress_duration; accent_vowel_lengthening; polysyllabic_shortening; vowel_shortening; pre_boundary_lengthening; duration_cap; duration_floor_default"
"A zoo can be fun on a sunny day.","segment_18:remap_stops_to_closures:0","D_CL","","stop_closure","50","30","33.333333333333336","55","55","0","{""source"":""DD"",""minimum_ms"":50,""inherent_ms"":75,""unstressed_scale"":0.5,""citations"":[""Allen et al. 1987 Table 9-1 p.96 (row named by source)"",""Engineering adaptation: source MIN/INHERENT ratio scaled to Qlatt duration basis""]}","remap_stops_to_closures; remap_stops_to_closures; word_initial_lengthening; cluster_shortening; pre_boundary_lengthening; duration_cap; duration_floor_default"
"A zoo can be fun on a sunny day.","segment_18:remap_stops_to_closures:0:insert_mapped_voiced_release:0","D_REL","","stop_release","10","0","0","10","10","0","{""source"":""uncompressed"",""minimum_ms"":0,""inherent_ms"":1,""unstressed_scale"":0.5,""citations"":[""Allen et al. 1987 Table 9-1 p.96 (row named by source)"",""Engineering adaptation: source MIN/INHERENT ratio scaled to Qlatt duration basis"",""Engineering policy: silence and generated release/aspiration use explicit timing and timeline safety floors""]}","insert_mapped_voiced_release; insert_mapped_voiced_release; cluster_shortening; duration_cap; lock_stop_release_duration; duration_floor_stop_release"
"A zoo can be fun on a sunny day.","segment_18:remap_stops_to_closures:0:insert_mapped_voiced_release:1","EH1","1","vowel","120","50.4","44.8","138","143","5","{""source"":""EH"",""minimum_ms"":70,""inherent_ms"":150,""unstressed_scale"":0.5,""citations"":[""Allen et al. 1987 Table 9-1 p.96 (row named by source)"",""Engineering adaptation: source MIN/INHERENT ratio scaled to Qlatt duration basis""]}","insert_mapped_voiced_release; stress_duration; accent_vowel_lengthening; polysyllabic_shortening; vowel_shortening; pre_boundary_lengthening; duration_cap; duration_floor_default"
"A zoo can be fun on a sunny day.","segment_19:expand_diphthongs:1","Y","0","glide","80","48","16","56","40","-16","{""source"":""YY"",""minimum_ms"":40,""inherent_ms"":80,""unstressed_scale"":0.5,""citations"":[""Allen et al. 1987 Table 9-1 p.96 (row named by source)"",""Engineering adaptation: source MIN/INHERENT ratio scaled to Qlatt duration basis""]}","expand_diphthongs; expand_diphthongs; non_word_initial_consonant_shortening; unstressed_consonant_shortening; cluster_shortening; pre_boundary_lengthening; duration_cap; duration_floor_default"
"A zoo can be fun on a sunny day.","segment_20","SIL","","silence","100","60","0","300","300","0","{""source"":""uncompressed"",""minimum_ms"":0,""inherent_ms"":1,""unstressed_scale"":0.5,""citations"":[""Allen et al. 1987 Table 9-1 p.96 (row named by source)"",""Engineering adaptation: source MIN/INHERENT ratio scaled to Qlatt duration basis"",""Engineering policy: silence and generated release/aspiration use explicit timing and timeline safety floors""]}","inventory_materialization; punctuation_pause; duration_floor_default"
"He had your dark suit in greasy wash water all year.","segment_0","HH","","fricative","80","48","20","81","83","2","{""source"":""HH"",""minimum_ms"":20,""inherent_ms"":80,""unstressed_scale"":0.5,""citations"":[""Allen et al. 1987 Table 9-1 p.96 (row named by source)"",""Engineering adaptation: source MIN/INHERENT ratio scaled to Qlatt duration basis""]}","inventory_materialization; word_initial_lengthening; cluster_shortening; duration_cap; fricative_minimum_duration; duration_floor_default"
"He had your dark suit in greasy wash water all year.","segment_1","IY","1","vowel","150","63","53.225806451612904","176","179","3","{""source"":""IY"",""minimum_ms"":55,""inherent_ms"":155,""unstressed_scale"":0.5,""citations"":[""Allen et al. 1987 Table 9-1 p.96 (row named by source)"",""Engineering adaptation: source MIN/INHERENT ratio scaled to Qlatt duration basis""]}","inventory_materialization; stress_duration; vowel_shortening; pre_boundary_lengthening; duration_cap; duration_floor_default"
"He had your dark suit in greasy wash water all year.","segment_2","HH","","fricative","80","48","20","81","83","2","{""source"":""HH"",""minimum_ms"":20,""inherent_ms"":80,""unstressed_scale"":0.5,""citations"":[""Allen et al. 1987 Table 9-1 p.96 (row named by source)"",""Engineering adaptation: source MIN/INHERENT ratio scaled to Qlatt duration basis""]}","inventory_materialization; word_initial_lengthening; cluster_shortening; pre_boundary_lengthening; duration_cap; fricative_minimum_duration; duration_floor_default"
"He had your dark suit in greasy wash water all year.","segment_3","AE","1","vowel","170","71.39999999999999","59.130434782608695","226","232","6","{""source"":""AE"",""minimum_ms"":80,""inherent_ms"":230,""unstressed_scale"":0.5,""citations"":[""Allen et al. 1987 Table 9-1 p.96 (row named by source)"",""Engineering adaptation: source MIN/INHERENT ratio scaled to Qlatt duration basis""]}","inventory_materialization; stress_duration; vowel_shortening; pre_boundary_lengthening; duration_cap; duration_floor_default"
"He had your dark suit in greasy wash water all year.","segment_4:palatalization_dy:0:expand_affricates_with_closure:0","JH_CL","","stop_closure","14","8.4","10","20","20","0","{""source"":""JJ"",""minimum_ms"":50,""inherent_ms"":70,""unstressed_scale"":0.5,""citations"":[""Allen et al. 1987 Table 9-1 p.96 (row named by source)"",""Engineering adaptation: source MIN/INHERENT ratio scaled to Qlatt duration basis""]}","expand_affricates_with_closure; expand_affricates_with_closure; non_word_initial_consonant_shortening; word_medial_consonant_shortening; cluster_shortening; pre_boundary_lengthening; duration_cap; duration_floor_default"
"He had your dark suit in greasy wash water all year.","segment_4:palatalization_dy:0:expand_affricates_with_closure:1","JH","","affricate","51","30.599999999999998","36.42857142857143","50","52","2","{""source"":""JJ"",""minimum_ms"":50,""inherent_ms"":70,""unstressed_scale"":0.5,""citations"":[""Allen et al. 1987 Table 9-1 p.96 (row named by source)"",""Engineering adaptation: source MIN/INHERENT ratio scaled to Qlatt duration basis""]}","expand_affricates_with_closure; expand_affricates_with_closure; non_word_initial_consonant_shortening; cluster_shortening; duration_cap; duration_floor_default"
"He had your dark suit in greasy wash water all year.","segment_6","AO","1","vowel","160","67.2","66.66666666666667","188","188","0","{""source"":""AO"",""minimum_ms"":100,""inherent_ms"":240,""unstressed_scale"":0.5,""citations"":[""Allen et al. 1987 Table 9-1 p.96 (row named by source)"",""Engineering adaptation: source MIN/INHERENT ratio scaled to Qlatt duration basis""]}","inventory_materialization; stress_duration; vowel_shortening; pre_boundary_lengthening; duration_cap; duration_floor_default"
"He had your dark suit in greasy wash water all year.","segment_7","R","","liquid","90","54","33.75","76","68","-8","{""source"":""RR"",""minimum_ms"":30,""inherent_ms"":80,""unstressed_scale"":0.5,""citations"":[""Allen et al. 1987 Table 9-1 p.96 (row named by source)"",""Engineering adaptation: source MIN/INHERENT ratio scaled to Qlatt duration basis""]}","inventory_materialization; non_word_initial_consonant_shortening; cluster_shortening; pre_boundary_lengthening; duration_cap; duration_floor_default"
"He had your dark suit in greasy wash water all year.","segment_8:remap_stops_to_closures:0","D_CL","","stop_closure","50","30","33.333333333333336","49","49","0","{""source"":""DD"",""minimum_ms"":50,""inherent_ms"":75,""unstressed_scale"":0.5,""citations"":[""Allen et al. 1987 Table 9-1 p.96 (row named by source)"",""Engineering adaptation: source MIN/INHERENT ratio scaled to Qlatt duration basis""]}","remap_stops_to_closures; remap_stops_to_closures; word_initial_lengthening; cluster_shortening; duration_cap; duration_floor_default"
"He had your dark suit in greasy wash water all year.","segment_8:remap_stops_to_closures:0:insert_mapped_voiced_release:0","D_REL","","stop_release","10","0","0","10","10","0","{""source"":""uncompressed"",""minimum_ms"":0,""inherent_ms"":1,""unstressed_scale"":0.5,""citations"":[""Allen et al. 1987 Table 9-1 p.96 (row named by source)"",""Engineering adaptation: source MIN/INHERENT ratio scaled to Qlatt duration basis"",""Engineering policy: silence and generated release/aspiration use explicit timing and timeline safety floors""]}","insert_mapped_voiced_release; insert_mapped_voiced_release; cluster_shortening; duration_cap; lock_stop_release_duration; duration_floor_stop_release"
"He had your dark suit in greasy wash water all year.","segment_8:remap_stops_to_closures:0:insert_mapped_voiced_release:1","AA","1","vowel","180","75.6","75","197","198","1","{""source"":""AA"",""minimum_ms"":100,""inherent_ms"":240,""unstressed_scale"":0.5,""citations"":[""Allen et al. 1987 Table 9-1 p.96 (row named by source)"",""Engineering adaptation: source MIN/INHERENT ratio scaled to Qlatt duration basis""]}","insert_mapped_voiced_release; stress_duration; accent_vowel_lengthening; polysyllabic_shortening; vowel_shortening; duration_cap; duration_floor_default"
"He had your dark suit in greasy wash water all year.","segment_10","R","","liquid","90","54","33.75","72","63","-9","{""source"":""RR"",""minimum_ms"":30,""inherent_ms"":80,""unstressed_scale"":0.5,""citations"":[""Allen et al. 1987 Table 9-1 p.96 (row named by source)"",""Engineering adaptation: source MIN/INHERENT ratio scaled to Qlatt duration basis""]}","inventory_materialization; non_word_initial_consonant_shortening; word_medial_consonant_shortening; cluster_shortening; duration_cap; duration_floor_default"
"He had your dark suit in greasy wash water all year.","segment_11:remap_stops_to_closures:0","K_CL","","stop_closure","60","36","45","47","52","5","{""source"":""KK"",""minimum_ms"":60,""inherent_ms"":80,""unstressed_scale"":0.5,""citations"":[""Allen et al. 1987 Table 9-1 p.96 (row named by source)"",""Engineering adaptation: source MIN/INHERENT ratio scaled to Qlatt duration basis""]}","remap_stops_to_closures; remap_stops_to_closures; non_word_initial_consonant_shortening; word_medial_consonant_shortening; cluster_shortening; pre_boundary_lengthening; duration_cap; duration_floor_default"
"He had your dark suit in greasy wash water all year.","segment_11:remap_stops_to_closures:0:insert_mapped_voiceless_release_and_aspiration:0","K_REL","","stop_release","14.759036144578314","0","0","15","15","0","{""source"":""uncompressed"",""minimum_ms"":0,""inherent_ms"":1,""unstressed_scale"":0.5,""citations"":[""Allen et al. 1987 Table 9-1 p.96 (row named by source)"",""Engineering adaptation: source MIN/INHERENT ratio scaled to Qlatt duration basis"",""Engineering policy: silence and generated release/aspiration use explicit timing and timeline safety floors""]}","insert_mapped_voiceless_release_and_aspiration; insert_mapped_voiceless_release_and_aspiration; cluster_shortening; duration_cap; lock_stop_release_duration; duration_floor_stop_release"
"He had your dark suit in greasy wash water all year.","segment_11:remap_stops_to_closures:0:insert_mapped_voiceless_release_and_aspiration:1","K_ASP","","stop_aspiration","34.24096385542168","0","0","34","34","0","{""source"":""uncompressed"",""minimum_ms"":0,""inherent_ms"":1,""unstressed_scale"":0.5,""citations"":[""Allen et al. 1987 Table 9-1 p.96 (row named by source)"",""Engineering adaptation: source MIN/INHERENT ratio scaled to Qlatt duration basis"",""Engineering policy: silence and generated release/aspiration use explicit timing and timeline safety floors""]}","insert_mapped_voiceless_release_and_aspiration; insert_mapped_voiceless_release_and_aspiration; cluster_shortening; duration_cap; lock_stop_release_duration; duration_floor_stop_release"
"He had your dark suit in greasy wash water all year.","segment_11:remap_stops_to_closures:0:insert_mapped_voiceless_release_and_aspiration:2","S","","fricative","100","60","57.142857142857146","97","98","1","{""source"":""SS"",""minimum_ms"":60,""inherent_ms"":105,""unstressed_scale"":0.5,""citations"":[""Allen et al. 1987 Table 9-1 p.96 (row named by source)"",""Engineering adaptation: source MIN/INHERENT ratio scaled to Qlatt duration basis""]}","insert_mapped_voiceless_release_and_aspiration; word_initial_lengthening; cluster_shortening; duration_cap; fricative_minimum_duration; duration_floor_default"
"He had your dark suit in greasy wash water all year.","segment_13","UW","1","vowel","180","75.6","60","231","239","8","{""source"":""UW"",""minimum_ms"":70,""inherent_ms"":210,""unstressed_scale"":0.5,""citations"":[""Allen et al. 1987 Table 9-1 p.96 (row named by source)"",""Engineering adaptation: source MIN/INHERENT ratio scaled to Qlatt duration basis""]}","inventory_materialization; stress_duration; accent_vowel_lengthening; vowel_shortening; pre_boundary_lengthening; duration_cap; duration_floor_default"
"He had your dark suit in greasy wash water all year.","segment_14:t_flapping:0","DX","","flap","30","18","30","27","30","3","{""source"":""DX"",""minimum_ms"":20,""inherent_ms"":20,""unstressed_scale"":0.5,""citations"":[""Allen et al. 1987 Table 9-1 p.96 (row named by source)"",""Engineering adaptation: source MIN/INHERENT ratio scaled to Qlatt duration basis""]}","t_flapping; t_flapping; cluster_shortening; pre_boundary_lengthening; duration_cap; duration_floor_default"
"He had your dark suit in greasy wash water all year.","segment_15","IH","0","vowel","60","25.2","8.88888888888889","49","44","-5","{""source"":""IH"",""minimum_ms"":40,""inherent_ms"":135,""unstressed_scale"":0.5,""citations"":[""Allen et al. 1987 Table 9-1 p.96 (row named by source)"",""Engineering adaptation: source MIN/INHERENT ratio scaled to Qlatt duration basis""]}","inventory_materialization; stress_duration; vowel_shortening; pre_boundary_lengthening; duration_cap; duration_floor_default"
"He had your dark suit in greasy wash water all year.","segment_16","N","","nasal","70","42","58.333333333333336","60","66","6","{""source"":""NN"",""minimum_ms"":50,""inherent_ms"":60,""unstressed_scale"":0.5,""citations"":[""Allen et al. 1987 Table 9-1 p.96 (row named by source)"",""Engineering adaptation: source MIN/INHERENT ratio scaled to Qlatt duration basis""]}","inventory_materialization; non_word_initial_consonant_shortening; cluster_shortening; pre_boundary_lengthening; duration_cap; duration_floor_default"
"He had your dark suit in greasy wash water all year.","segment_17:remap_stops_to_closures:0","G_CL","","stop_closure","55","33","41.25","56","56","0","{""source"":""GG"",""minimum_ms"":60,""inherent_ms"":80,""unstressed_scale"":0.5,""citations"":[""Allen et al. 1987 Table 9-1 p.96 (row named by source)"",""Engineering adaptation: source MIN/INHERENT ratio scaled to Qlatt duration basis""]}","remap_stops_to_closures; remap_stops_to_closures; word_initial_lengthening; cluster_shortening; duration_cap; duration_floor_default"
"He had your dark suit in greasy wash water all year.","segment_17:remap_stops_to_closures:0:insert_mapped_voiced_release:0","G_REL","","stop_release","20","0","0","20","20","0","{""source"":""uncompressed"",""minimum_ms"":0,""inherent_ms"":1,""unstressed_scale"":0.5,""citations"":[""Allen et al. 1987 Table 9-1 p.96 (row named by source)"",""Engineering adaptation: source MIN/INHERENT ratio scaled to Qlatt duration basis"",""Engineering policy: silence and generated release/aspiration use explicit timing and timeline safety floors""]}","insert_mapped_voiced_release; insert_mapped_voiced_release; cluster_shortening; duration_cap; lock_stop_release_duration; duration_floor_stop_release"
"He had your dark suit in greasy wash water all year.","segment_17:remap_stops_to_closures:0:insert_mapped_voiced_release:1","R","","liquid","90","54","33.75","70","60","-10","{""source"":""RR"",""minimum_ms"":30,""inherent_ms"":80,""unstressed_scale"":0.5,""citations"":[""Allen et al. 1987 Table 9-1 p.96 (row named by source)"",""Engineering adaptation: source MIN/INHERENT ratio scaled to Qlatt duration basis""]}","insert_mapped_voiced_release; non_word_initial_consonant_shortening; word_medial_consonant_shortening; cluster_shortening; duration_cap; duration_floor_default"
"He had your dark suit in greasy wash water all year.","segment_19","IY","1","vowel","150","63","53.225806451612904","164","166","2","{""source"":""IY"",""minimum_ms"":55,""inherent_ms"":155,""unstressed_scale"":0.5,""citations"":[""Allen et al. 1987 Table 9-1 p.96 (row named by source)"",""Engineering adaptation: source MIN/INHERENT ratio scaled to Qlatt duration basis""]}","inventory_materialization; stress_duration; accent_vowel_lengthening; polysyllabic_shortening; vowel_shortening; duration_cap; duration_floor_default"
"He had your dark suit in greasy wash water all year.","segment_20","S","","fricative","100","60","57.142857142857146","79","77","-2","{""source"":""SS"",""minimum_ms"":60,""inherent_ms"":105,""unstressed_scale"":0.5,""citations"":[""Allen et al. 1987 Table 9-1 p.96 (row named by source)"",""Engineering adaptation: source MIN/INHERENT ratio scaled to Qlatt duration basis""]}","inventory_materialization; non_word_initial_consonant_shortening; word_medial_consonant_shortening; cluster_shortening; pre_boundary_lengthening; duration_cap; fricative_minimum_duration; duration_floor_default"
"He had your dark suit in greasy wash water all year.","segment_21","IY","0","vowel","70","29.4","12.419354838709678","56","50","-6","{""source"":""IY"",""minimum_ms"":55,""inherent_ms"":155,""unstressed_scale"":0.5,""citations"":[""Allen et al. 1987 Table 9-1 p.96 (row named by source)"",""Engineering adaptation: source MIN/INHERENT ratio scaled to Qlatt duration basis""]}","inventory_materialization; stress_duration; accent_vowel_lengthening; polysyllabic_shortening; vowel_shortening; pre_boundary_lengthening; duration_cap; duration_floor_default"
"He had your dark suit in greasy wash water all year.","segment_22","W","","glide","80","48","60","81","81","0","{""source"":""WW"",""minimum_ms"":60,""inherent_ms"":80,""unstressed_scale"":0.5,""citations"":[""Allen et al. 1987 Table 9-1 p.96 (row named by source)"",""Engineering adaptation: source MIN/INHERENT ratio scaled to Qlatt duration basis""]}","inventory_materialization; word_initial_lengthening; cluster_shortening; pre_boundary_lengthening; duration_cap; duration_floor_default"
"He had your dark suit in greasy wash water all year.","segment_23","AA","1","vowel","180","75.6","75","231","233","2","{""source"":""AA"",""minimum_ms"":100,""inherent_ms"":240,""unstressed_scale"":0.5,""citations"":[""Allen et al. 1987 Table 9-1 p.96 (row named by source)"",""Engineering adaptation: source MIN/INHERENT ratio scaled to Qlatt duration basis""]}","inventory_materialization; stress_duration; accent_vowel_lengthening; vowel_shortening; pre_boundary_lengthening; duration_cap; duration_floor_default"
"He had your dark suit in greasy wash water all year.","segment_24","SH","","fricative","100","60","76.19047619047619","85","91","6","{""source"":""SH"",""minimum_ms"":80,""inherent_ms"":105,""unstressed_scale"":0.5,""citations"":[""Allen et al. 1987 Table 9-1 p.96 (row named by source)"",""Engineering adaptation: source MIN/INHERENT ratio scaled to Qlatt duration basis""]}","inventory_materialization; non_word_initial_consonant_shortening; cluster_shortening; pre_boundary_lengthening; duration_cap; fricative_minimum_duration; duration_floor_default"
"He had your dark suit in greasy wash water all year.","segment_25","W","","glide","80","48","60","81","81","0","{""source"":""WW"",""minimum_ms"":60,""inherent_ms"":80,""unstressed_scale"":0.5,""citations"":[""Allen et al. 1987 Table 9-1 p.96 (row named by source)"",""Engineering adaptation: source MIN/INHERENT ratio scaled to Qlatt duration basis""]}","inventory_materialization; word_initial_lengthening; cluster_shortening; duration_cap; duration_floor_default"
"He had your dark suit in greasy wash water all year.","segment_26","AO","1","vowel","160","67.2","66.66666666666667","175","175","0","{""source"":""AO"",""minimum_ms"":100,""inherent_ms"":240,""unstressed_scale"":0.5,""citations"":[""Allen et al. 1987 Table 9-1 p.96 (row named by source)"",""Engineering adaptation: source MIN/INHERENT ratio scaled to Qlatt duration basis""]}","inventory_materialization; stress_duration; accent_vowel_lengthening; polysyllabic_shortening; vowel_shortening; duration_cap; duration_floor_default"
"He had your dark suit in greasy wash water all year.","segment_27:t_flapping:0","DX","","flap","30","18","30","27","30","3","{""source"":""DX"",""minimum_ms"":20,""inherent_ms"":20,""unstressed_scale"":0.5,""citations"":[""Allen et al. 1987 Table 9-1 p.96 (row named by source)"",""Engineering adaptation: source MIN/INHERENT ratio scaled to Qlatt duration basis""]}","t_flapping; t_flapping; cluster_shortening; duration_cap; duration_floor_default"
"He had your dark suit in greasy wash water all year.","segment_28:expand_rhotic_vowels:0","ER","0","vowel","42","17.64","9.333333333333334","130","130","0","{""source"":""ER"",""minimum_ms"":80,""inherent_ms"":180,""unstressed_scale"":0.5,""citations"":[""Allen et al. 1987 Table 9-1 p.96 (row named by source)"",""Engineering adaptation: source MIN/INHERENT ratio scaled to Qlatt duration basis""]}","expand_rhotic_vowels; expand_rhotic_vowels; stress_duration; accent_vowel_lengthening; polysyllabic_shortening; vowel_shortening; pre_boundary_lengthening; duration_cap; hertz_nucleus_timing; duration_floor_default"
"He had your dark suit in greasy wash water all year.","segment_28:expand_rhotic_vowels:1","R","0","liquid","28","30","30","30","30","0","{""source"":""RR"",""minimum_ms"":30,""inherent_ms"":80,""unstressed_scale"":0.5,""citations"":[""Allen et al. 1987 Table 9-1 p.96 (row named by source)"",""Engineering adaptation: source MIN/INHERENT ratio scaled to Qlatt duration basis""]}","expand_rhotic_vowels; expand_rhotic_vowels; non_word_initial_consonant_shortening; unstressed_consonant_shortening; cluster_shortening; pre_boundary_lengthening; duration_cap; duration_floor_default"
"He had your dark suit in greasy wash water all year.","segment_29:glottal_stop_insertion:0","GS","","stop_closure","30","18","18","29","29","0","{""source"":""glottal_fallback"",""minimum_ms"":0.6,""inherent_ms"":1,""unstressed_scale"":0.5,""citations"":[""Allen et al. 1987 Table 9-1 p.96 (row named by source)"",""Engineering adaptation: source MIN/INHERENT ratio scaled to Qlatt duration basis"",""Engineering estimate: retain the legacy consonant ratio for glottal stop, absent from the selected table""]}","glottal_stop_insertion; glottal_stop_insertion; word_initial_lengthening; cluster_shortening; pre_boundary_lengthening; duration_cap; duration_floor_default"
"He had your dark suit in greasy wash water all year.","segment_29:glottal_stop_insertion:1","AO","1","vowel","160","67.2","66.66666666666667","161","161","0","{""source"":""AO"",""minimum_ms"":100,""inherent_ms"":240,""unstressed_scale"":0.5,""citations"":[""Allen et al. 1987 Table 9-1 p.96 (row named by source)"",""Engineering adaptation: source MIN/INHERENT ratio scaled to Qlatt duration basis""]}","glottal_stop_insertion; stress_duration; polysyllabic_shortening; vowel_shortening; pre_boundary_lengthening; duration_cap; duration_floor_default"
"He had your dark suit in greasy wash water all year.","segment_30","L","","liquid","80","48","40","67","65","-2","{""source"":""LL"",""minimum_ms"":40,""inherent_ms"":80,""unstressed_scale"":0.5,""citations"":[""Allen et al. 1987 Table 9-1 p.96 (row named by source)"",""Engineering adaptation: source MIN/INHERENT ratio scaled to Qlatt duration basis""]}","inventory_materialization; non_word_initial_consonant_shortening; cluster_shortening; pre_boundary_lengthening; duration_cap; duration_floor_default"
"He had your dark suit in greasy wash water all year.","segment_31","Y","","glide","80","48","40","98","103","5","{""source"":""YY"",""minimum_ms"":40,""inherent_ms"":80,""unstressed_scale"":0.5,""citations"":[""Allen et al. 1987 Table 9-1 p.96 (row named by source)"",""Engineering adaptation: source MIN/INHERENT ratio scaled to Qlatt duration basis""]}","inventory_materialization; word_initial_lengthening; cluster_shortening; pre_boundary_lengthening; duration_cap; duration_floor_default"
"He had your dark suit in greasy wash water all year.","segment_32","IH","1","vowel","100","42","29.62962962962963","183","200","17","{""source"":""IH"",""minimum_ms"":40,""inherent_ms"":135,""unstressed_scale"":0.5,""citations"":[""Allen et al. 1987 Table 9-1 p.96 (row named by source)"",""Engineering adaptation: source MIN/INHERENT ratio scaled to Qlatt duration basis""]}","inventory_materialization; stress_duration; accent_vowel_lengthening; vowel_shortening; pre_boundary_lengthening; duration_cap; duration_floor_default"
"He had your dark suit in greasy wash water all year.","segment_33","R","","liquid","90","54","33.75","76","68","-8","{""source"":""RR"",""minimum_ms"":30,""inherent_ms"":80,""unstressed_scale"":0.5,""citations"":[""Allen et al. 1987 Table 9-1 p.96 (row named by source)"",""Engineering adaptation: source MIN/INHERENT ratio scaled to Qlatt duration basis""]}","inventory_materialization; non_word_initial_consonant_shortening; cluster_shortening; pre_boundary_lengthening; duration_cap; duration_floor_default"
"He had your dark suit in greasy wash water all year.","segment_34","SIL","","silence","100","60","0","300","300","0","{""source"":""uncompressed"",""minimum_ms"":0,""inherent_ms"":1,""unstressed_scale"":0.5,""citations"":[""Allen et al. 1987 Table 9-1 p.96 (row named by source)"",""Engineering adaptation: source MIN/INHERENT ratio scaled to Qlatt duration basis"",""Engineering policy: silence and generated release/aspiration use explicit timing and timeline safety floors""]}","inventory_materialization; punctuation_pause; duration_floor_default"
"Say oh, ee, and oo again.","segment_0","S","","fricative","100","60","57.142857142857146","102","103","1","{""source"":""SS"",""minimum_ms"":60,""inherent_ms"":105,""unstressed_scale"":0.5,""citations"":[""Allen et al. 1987 Table 9-1 p.96 (row named by source)"",""Engineering adaptation: source MIN/INHERENT ratio scaled to Qlatt duration basis""]}","inventory_materialization; word_initial_lengthening; cluster_shortening; duration_cap; fricative_minimum_duration; duration_floor_default"
"Say oh, ee, and oo again.","segment_1:expand_diphthongs:0","EH1","1","vowel","120","50.4","44.8","104","104","0","{""source"":""EH"",""minimum_ms"":70,""inherent_ms"":150,""unstressed_scale"":0.5,""citations"":[""Allen et al. 1987 Table 9-1 p.96 (row named by source)"",""Engineering adaptation: source MIN/INHERENT ratio scaled to Qlatt duration basis""]}","expand_diphthongs; expand_diphthongs; stress_duration; accent_vowel_lengthening; polysyllabic_shortening; vowel_shortening; pre_boundary_lengthening; duration_cap; duration_floor_default"
"Say oh, ee, and oo again.","segment_1:expand_diphthongs:1","Y","0","glide","80","48","16","56","40","-16","{""source"":""YY"",""minimum_ms"":40,""inherent_ms"":80,""unstressed_scale"":0.5,""citations"":[""Allen et al. 1987 Table 9-1 p.96 (row named by source)"",""Engineering adaptation: source MIN/INHERENT ratio scaled to Qlatt duration basis""]}","expand_diphthongs; expand_diphthongs; non_word_initial_consonant_shortening; unstressed_consonant_shortening; cluster_shortening; pre_boundary_lengthening; duration_cap; duration_floor_default"
"Say oh, ee, and oo again.","segment_2:glottal_stop_insertion:0","GS","","stop_closure","30","18","18","31","31","0","{""source"":""glottal_fallback"",""minimum_ms"":0.6,""inherent_ms"":1,""unstressed_scale"":0.5,""citations"":[""Allen et al. 1987 Table 9-1 p.96 (row named by source)"",""Engineering adaptation: source MIN/INHERENT ratio scaled to Qlatt duration basis"",""Engineering estimate: retain the legacy consonant ratio for glottal stop, absent from the selected table""]}","glottal_stop_insertion; glottal_stop_insertion; word_initial_lengthening; cluster_shortening; pre_boundary_lengthening; duration_cap; duration_floor_default"
"Say oh, ee, and oo again.","segment_2:glottal_stop_insertion:1:expand_diphthongs:0","AO1","1","vowel","160","67.2","42.5","124","141","17","{""source"":""AO"",""minimum_ms"":100,""inherent_ms"":240,""unstressed_scale"":0.5,""citations"":[""Allen et al. 1987 Table 9-1 p.96 (row named by source)"",""Engineering adaptation: source MIN/INHERENT ratio scaled to Qlatt duration basis""]}","expand_diphthongs; expand_diphthongs; stress_duration; accent_vowel_lengthening; polysyllabic_shortening; vowel_shortening; pre_boundary_lengthening; duration_cap; duration_floor_default"
"Say oh, ee, and oo again.","segment_2:glottal_stop_insertion:1:expand_diphthongs:1","W","0","glide","80","48","25.5","58","46","-12","{""source"":""WW"",""minimum_ms"":60,""inherent_ms"":80,""unstressed_scale"":0.5,""citations"":[""Allen et al. 1987 Table 9-1 p.96 (row named by source)"",""Engineering adaptation: source MIN/INHERENT ratio scaled to Qlatt duration basis""]}","expand_diphthongs; expand_diphthongs; non_word_initial_consonant_shortening; unstressed_consonant_shortening; cluster_shortening; pre_boundary_lengthening; duration_cap; duration_floor_default"
"Say oh, ee, and oo again.","segment_3","SIL","","silence","100","60","0","150","150","0","{""source"":""uncompressed"",""minimum_ms"":0,""inherent_ms"":1,""unstressed_scale"":0.5,""citations"":[""Allen et al. 1987 Table 9-1 p.96 (row named by source)"",""Engineering adaptation: source MIN/INHERENT ratio scaled to Qlatt duration basis"",""Engineering policy: silence and generated release/aspiration use explicit timing and timeline safety floors""]}","inventory_materialization; punctuation_pause; duration_floor_default"
"Say oh, ee, and oo again.","segment_4","IY","1","vowel","150","63","53.225806451612904","232","241","9","{""source"":""IY"",""minimum_ms"":55,""inherent_ms"":155,""unstressed_scale"":0.5,""citations"":[""Allen et al. 1987 Table 9-1 p.96 (row named by source)"",""Engineering adaptation: source MIN/INHERENT ratio scaled to Qlatt duration basis""]}","inventory_materialization; stress_duration; accent_vowel_lengthening; vowel_shortening; pre_boundary_lengthening; duration_cap; duration_floor_default"
"Say oh, ee, and oo again.","segment_5","SIL","","silence","100","60","0","150","150","0","{""source"":""uncompressed"",""minimum_ms"":0,""inherent_ms"":1,""unstressed_scale"":0.5,""citations"":[""Allen et al. 1987 Table 9-1 p.96 (row named by source)"",""Engineering adaptation: source MIN/INHERENT ratio scaled to Qlatt duration basis"",""Engineering policy: silence and generated release/aspiration use explicit timing and timeline safety floors""]}","inventory_materialization; punctuation_pause; duration_floor_default"
"Say oh, ee, and oo again.","segment_6","AH","0","vowel","50","21","10.714285714285714","36","31","-5","{""source"":""AH"",""minimum_ms"":60,""inherent_ms"":140,""unstressed_scale"":0.5,""citations"":[""Allen et al. 1987 Table 9-1 p.96 (row named by source)"",""Engineering adaptation: source MIN/INHERENT ratio scaled to Qlatt duration basis""]}","inventory_materialization; stress_duration; polysyllabic_shortening; vowel_shortening; duration_cap; duration_floor_default"
"Say oh, ee, and oo again.","segment_7","N","","nasal","70","42","58.333333333333336","57","65","8","{""source"":""NN"",""minimum_ms"":50,""inherent_ms"":60,""unstressed_scale"":0.5,""citations"":[""Allen et al. 1987 Table 9-1 p.96 (row named by source)"",""Engineering adaptation: source MIN/INHERENT ratio scaled to Qlatt duration basis""]}","inventory_materialization; non_word_initial_consonant_shortening; word_medial_consonant_shortening; cluster_shortening; duration_cap; duration_floor_default"
"Say oh, ee, and oo again.","segment_8:remap_stops_to_closures:0","D_CL","","stop_closure","50","30","33.333333333333336","39","41","2","{""source"":""DD"",""minimum_ms"":50,""inherent_ms"":75,""unstressed_scale"":0.5,""citations"":[""Allen et al. 1987 Table 9-1 p.96 (row named by source)"",""Engineering adaptation: source MIN/INHERENT ratio scaled to Qlatt duration basis""]}","remap_stops_to_closures; remap_stops_to_closures; non_word_initial_consonant_shortening; word_medial_consonant_shortening; cluster_shortening; pre_boundary_lengthening; duration_cap; duration_floor_default"
"Say oh, ee, and oo again.","segment_8:remap_stops_to_closures:0:insert_mapped_voiced_release:0","D_REL","","stop_release","10","0","0","10","10","0","{""source"":""uncompressed"",""minimum_ms"":0,""inherent_ms"":1,""unstressed_scale"":0.5,""citations"":[""Allen et al. 1987 Table 9-1 p.96 (row named by source)"",""Engineering adaptation: source MIN/INHERENT ratio scaled to Qlatt duration basis"",""Engineering policy: silence and generated release/aspiration use explicit timing and timeline safety floors""]}","insert_mapped_voiced_release; insert_mapped_voiced_release; cluster_shortening; duration_cap; lock_stop_release_duration; duration_floor_stop_release"
"Say oh, ee, and oo again.","segment_8:remap_stops_to_closures:0:insert_mapped_voiced_release:1","UW","1","vowel","180","75.6","60","197","200","3","{""source"":""UW"",""minimum_ms"":70,""inherent_ms"":210,""unstressed_scale"":0.5,""citations"":[""Allen et al. 1987 Table 9-1 p.96 (row named by source)"",""Engineering adaptation: source MIN/INHERENT ratio scaled to Qlatt duration basis""]}","insert_mapped_voiced_release; stress_duration; accent_vowel_lengthening; polysyllabic_shortening; vowel_shortening; pre_boundary_lengthening; duration_cap; duration_floor_default"
"Say oh, ee, and oo again.","segment_10","AH","0","vowel","50","21","10.714285714285714","44","42","-2","{""source"":""AH"",""minimum_ms"":60,""inherent_ms"":140,""unstressed_scale"":0.5,""citations"":[""Allen et al. 1987 Table 9-1 p.96 (row named by source)"",""Engineering adaptation: source MIN/INHERENT ratio scaled to Qlatt duration basis""]}","inventory_materialization; stress_duration; accent_vowel_lengthening; polysyllabic_shortening; vowel_shortening; duration_cap; duration_floor_default"
"Say oh, ee, and oo again.","segment_11:remap_stops_to_closures:0","G_CL","","stop_closure","55","33","41.25","43","48","5","{""source"":""GG"",""minimum_ms"":60,""inherent_ms"":80,""unstressed_scale"":0.5,""citations"":[""Allen et al. 1987 Table 9-1 p.96 (row named by source)"",""Engineering adaptation: source MIN/INHERENT ratio scaled to Qlatt duration basis""]}","remap_stops_to_closures; remap_stops_to_closures; non_word_initial_consonant_shortening; word_medial_consonant_shortening; cluster_shortening; duration_cap; duration_floor_default"
"Say oh, ee, and oo again.","segment_11:remap_stops_to_closures:0:insert_mapped_voiced_release:0","G_REL","","stop_release","20","0","0","20","20","0","{""source"":""uncompressed"",""minimum_ms"":0,""inherent_ms"":1,""unstressed_scale"":0.5,""citations"":[""Allen et al. 1987 Table 9-1 p.96 (row named by source)"",""Engineering adaptation: source MIN/INHERENT ratio scaled to Qlatt duration basis"",""Engineering policy: silence and generated release/aspiration use explicit timing and timeline safety floors""]}","insert_mapped_voiced_release; insert_mapped_voiced_release; cluster_shortening; duration_cap; lock_stop_release_duration; duration_floor_stop_release"
"Say oh, ee, and oo again.","segment_11:remap_stops_to_closures:0:insert_mapped_voiced_release:1","EH","1","vowel","120","50.4","56","126","125","-1","{""source"":""EH"",""minimum_ms"":70,""inherent_ms"":150,""unstressed_scale"":0.5,""citations"":[""Allen et al. 1987 Table 9-1 p.96 (row named by source)"",""Engineering adaptation: source MIN/INHERENT ratio scaled to Qlatt duration basis""]}","insert_mapped_voiced_release; stress_duration; accent_vowel_lengthening; polysyllabic_shortening; vowel_shortening; duration_cap; duration_floor_default"
"Say oh, ee, and oo again.","segment_13","N","","nasal","70","42","58.333333333333336","60","66","6","{""source"":""NN"",""minimum_ms"":50,""inherent_ms"":60,""unstressed_scale"":0.5,""citations"":[""Allen et al. 1987 Table 9-1 p.96 (row named by source)"",""Engineering adaptation: source MIN/INHERENT ratio scaled to Qlatt duration basis""]}","inventory_materialization; non_word_initial_consonant_shortening; cluster_shortening; pre_boundary_lengthening; duration_cap; duration_floor_default"
"Say oh, ee, and oo again.","segment_14","SIL","","silence","100","60","0","300","300","0","{""source"":""uncompressed"",""minimum_ms"":0,""inherent_ms"":1,""unstressed_scale"":0.5,""citations"":[""Allen et al. 1987 Table 9-1 p.96 (row named by source)"",""Engineering adaptation: source MIN/INHERENT ratio scaled to Qlatt duration basis"",""Engineering policy: silence and generated release/aspiration use explicit timing and timeline safety floors""]}","inventory_materialization; punctuation_pause; duration_floor_default"
"Bob bought a big blue balloon.","segment_0:remap_stops_to_closures:0","B_CL","","stop_closure","45","27","31.764705882352942","44","44","0","{""source"":""BB"",""minimum_ms"":60,""inherent_ms"":85,""unstressed_scale"":0.5,""citations"":[""Allen et al. 1987 Table 9-1 p.96 (row named by source)"",""Engineering adaptation: source MIN/INHERENT ratio scaled to Qlatt duration basis""]}","remap_stops_to_closures; remap_stops_to_closures; word_initial_lengthening; cluster_shortening; duration_cap; duration_floor_default"
"Bob bought a big blue balloon.","segment_0:remap_stops_to_closures:0:insert_mapped_voiced_release:0","B_REL","","stop_release","5","0","0","5","5","0","{""source"":""uncompressed"",""minimum_ms"":0,""inherent_ms"":1,""unstressed_scale"":0.5,""citations"":[""Allen et al. 1987 Table 9-1 p.96 (row named by source)"",""Engineering adaptation: source MIN/INHERENT ratio scaled to Qlatt duration basis"",""Engineering policy: silence and generated release/aspiration use explicit timing and timeline safety floors""]}","insert_mapped_voiced_release; insert_mapped_voiced_release; cluster_shortening; duration_cap; lock_stop_release_duration; duration_floor_stop_release"
"Bob bought a big blue balloon.","segment_0:remap_stops_to_closures:0:insert_mapped_voiced_release:1","AA","1","vowel","180","75.6","75","221","223","2","{""source"":""AA"",""minimum_ms"":100,""inherent_ms"":240,""unstressed_scale"":0.5,""citations"":[""Allen et al. 1987 Table 9-1 p.96 (row named by source)"",""Engineering adaptation: source MIN/INHERENT ratio scaled to Qlatt duration basis""]}","insert_mapped_voiced_release; stress_duration; accent_vowel_lengthening; polysyllabic_shortening; vowel_shortening; pre_boundary_lengthening; duration_cap; duration_floor_default"
"Bob bought a big blue balloon.","segment_2:remap_stops_to_closures:0","B_CL","","stop_closure","45","27","31.764705882352942","37","39","2","{""source"":""BB"",""minimum_ms"":60,""inherent_ms"":85,""unstressed_scale"":0.5,""citations"":[""Allen et al. 1987 Table 9-1 p.96 (row named by source)"",""Engineering adaptation: source MIN/INHERENT ratio scaled to Qlatt duration basis""]}","remap_stops_to_closures; remap_stops_to_closures; non_word_initial_consonant_shortening; cluster_shortening; pre_boundary_lengthening; duration_cap; duration_floor_default"
"Bob bought a big blue balloon.","segment_3:remap_stops_to_closures:0","B_CL","","stop_closure","45","27","31.764705882352942","44","44","0","{""source"":""BB"",""minimum_ms"":60,""inherent_ms"":85,""unstressed_scale"":0.5,""citations"":[""Allen et al. 1987 Table 9-1 p.96 (row named by source)"",""Engineering adaptation: source MIN/INHERENT ratio scaled to Qlatt duration basis""]}","remap_stops_to_closures; remap_stops_to_closures; word_initial_lengthening; cluster_shortening; duration_cap; duration_floor_default"
"Bob bought a big blue balloon.","segment_3:remap_stops_to_closures:0:insert_mapped_voiced_release:0","B_REL","","stop_release","5","0","0","5","5","0","{""source"":""uncompressed"",""minimum_ms"":0,""inherent_ms"":1,""unstressed_scale"":0.5,""citations"":[""Allen et al. 1987 Table 9-1 p.96 (row named by source)"",""Engineering adaptation: source MIN/INHERENT ratio scaled to Qlatt duration basis"",""Engineering policy: silence and generated release/aspiration use explicit timing and timeline safety floors""]}","insert_mapped_voiced_release; insert_mapped_voiced_release; cluster_shortening; duration_cap; lock_stop_release_duration; duration_floor_stop_release"
"Bob bought a big blue balloon.","segment_3:remap_stops_to_closures:0:insert_mapped_voiced_release:1","AA","1","vowel","180","75.6","75","197","198","1","{""source"":""AA"",""minimum_ms"":100,""inherent_ms"":240,""unstressed_scale"":0.5,""citations"":[""Allen et al. 1987 Table 9-1 p.96 (row named by source)"",""Engineering adaptation: source MIN/INHERENT ratio scaled to Qlatt duration basis""]}","insert_mapped_voiced_release; stress_duration; accent_vowel_lengthening; polysyllabic_shortening; vowel_shortening; pre_boundary_lengthening; duration_cap; duration_floor_default"
"Bob bought a big blue balloon.","segment_5:t_flapping:0","DX","","flap","30","18","30","27","30","3","{""source"":""DX"",""minimum_ms"":20,""inherent_ms"":20,""unstressed_scale"":0.5,""citations"":[""Allen et al. 1987 Table 9-1 p.96 (row named by source)"",""Engineering adaptation: source MIN/INHERENT ratio scaled to Qlatt duration basis""]}","t_flapping; t_flapping; cluster_shortening; pre_boundary_lengthening; duration_cap; duration_floor_default"
"Bob bought a big blue balloon.","segment_6","AH","0","vowel","50","21","10.714285714285714","49","48","-1","{""source"":""AH"",""minimum_ms"":60,""inherent_ms"":140,""unstressed_scale"":0.5,""citations"":[""Allen et al. 1987 Table 9-1 p.96 (row named by source)"",""Engineering adaptation: source MIN/INHERENT ratio scaled to Qlatt duration basis""]}","inventory_materialization; stress_duration; vowel_shortening; pre_boundary_lengthening; duration_cap; duration_floor_default"
"Bob bought a big blue balloon.","segment_7:remap_stops_to_closures:0","B_CL","","stop_closure","45","27","31.764705882352942","44","44","0","{""source"":""BB"",""minimum_ms"":60,""inherent_ms"":85,""unstressed_scale"":0.5,""citations"":[""Allen et al. 1987 Table 9-1 p.96 (row named by source)"",""Engineering adaptation: source MIN/INHERENT ratio scaled to Qlatt duration basis""]}","remap_stops_to_closures; remap_stops_to_closures; word_initial_lengthening; cluster_shortening; pre_boundary_lengthening; duration_cap; duration_floor_default"
"Bob bought a big blue balloon.","segment_7:remap_stops_to_closures:0:insert_mapped_voiced_release:0","B_REL","","stop_release","5","0","0","5","5","0","{""source"":""uncompressed"",""minimum_ms"":0,""inherent_ms"":1,""unstressed_scale"":0.5,""citations"":[""Allen et al. 1987 Table 9-1 p.96 (row named by source)"",""Engineering adaptation: source MIN/INHERENT ratio scaled to Qlatt duration basis"",""Engineering policy: silence and generated release/aspiration use explicit timing and timeline safety floors""]}","insert_mapped_voiced_release; insert_mapped_voiced_release; cluster_shortening; duration_cap; lock_stop_release_duration; duration_floor_stop_release"
"Bob bought a big blue balloon.","segment_7:remap_stops_to_closures:0:insert_mapped_voiced_release:1","IH","1","vowel","100","42","29.62962962962963","122","128","6","{""source"":""IH"",""minimum_ms"":40,""inherent_ms"":135,""unstressed_scale"":0.5,""citations"":[""Allen et al. 1987 Table 9-1 p.96 (row named by source)"",""Engineering adaptation: source MIN/INHERENT ratio scaled to Qlatt duration basis""]}","insert_mapped_voiced_release; stress_duration; accent_vowel_lengthening; polysyllabic_shortening; vowel_shortening; pre_boundary_lengthening; duration_cap; duration_floor_default"
"Bob bought a big blue balloon.","segment_9:remap_stops_to_closures:0","G_CL","","stop_closure","55","33","41.25","45","49","4","{""source"":""GG"",""minimum_ms"":60,""inherent_ms"":80,""unstressed_scale"":0.5,""citations"":[""Allen et al. 1987 Table 9-1 p.96 (row named by source)"",""Engineering adaptation: source MIN/INHERENT ratio scaled to Qlatt duration basis""]}","remap_stops_to_closures; remap_stops_to_closures; non_word_initial_consonant_shortening; cluster_shortening; pre_boundary_lengthening; duration_cap; duration_floor_default"
"Bob bought a big blue balloon.","segment_10:remap_stops_to_closures:0","B_CL","","stop_closure","45","27","31.764705882352942","46","46","0","{""source"":""BB"",""minimum_ms"":60,""inherent_ms"":85,""unstressed_scale"":0.5,""citations"":[""Allen et al. 1987 Table 9-1 p.96 (row named by source)"",""Engineering adaptation: source MIN/INHERENT ratio scaled to Qlatt duration basis""]}","remap_stops_to_closures; remap_stops_to_closures; word_initial_lengthening; cluster_shortening; duration_cap; duration_floor_default"
"Bob bought a big blue balloon.","segment_10:remap_stops_to_closures:0:insert_mapped_voiced_release:0","B_REL","","stop_release","5","0","0","5","5","0","{""source"":""uncompressed"",""minimum_ms"":0,""inherent_ms"":1,""unstressed_scale"":0.5,""citations"":[""Allen et al. 1987 Table 9-1 p.96 (row named by source)"",""Engineering adaptation: source MIN/INHERENT ratio scaled to Qlatt duration basis"",""Engineering policy: silence and generated release/aspiration use explicit timing and timeline safety floors""]}","insert_mapped_voiced_release; insert_mapped_voiced_release; cluster_shortening; duration_cap; lock_stop_release_duration; duration_floor_stop_release"
"Bob bought a big blue balloon.","segment_10:remap_stops_to_closures:0:insert_mapped_voiced_release:1","L","","liquid","80","48","40","63","59","-4","{""source"":""LL"",""minimum_ms"":40,""inherent_ms"":80,""unstressed_scale"":0.5,""citations"":[""Allen et al. 1987 Table 9-1 p.96 (row named by source)"",""Engineering adaptation: source MIN/INHERENT ratio scaled to Qlatt duration basis""]}","insert_mapped_voiced_release; non_word_initial_consonant_shortening; word_medial_consonant_shortening; cluster_shortening; duration_cap; duration_floor_default"
"Bob bought a big blue balloon.","segment_12","UW","1","vowel","180","75.6","60","262","275","13","{""source"":""UW"",""minimum_ms"":70,""inherent_ms"":210,""unstressed_scale"":0.5,""citations"":[""Allen et al. 1987 Table 9-1 p.96 (row named by source)"",""Engineering adaptation: source MIN/INHERENT ratio scaled to Qlatt duration basis""]}","inventory_materialization; stress_duration; accent_vowel_lengthening; vowel_shortening; pre_boundary_lengthening; duration_cap; duration_floor_default"
"Bob bought a big blue balloon.","segment_13:remap_stops_to_closures:0","B_CL","","stop_closure","45","27","31.764705882352942","46","46","0","{""source"":""BB"",""minimum_ms"":60,""inherent_ms"":85,""unstressed_scale"":0.5,""citations"":[""Allen et al. 1987 Table 9-1 p.96 (row named by source)"",""Engineering adaptation: source MIN/INHERENT ratio scaled to Qlatt duration basis""]}","remap_stops_to_closures; remap_stops_to_closures; word_initial_lengthening; cluster_shortening; duration_cap; duration_floor_default"
"Bob bought a big blue balloon.","segment_13:remap_stops_to_closures:0:insert_mapped_voiced_release:0","B_REL","","stop_release","5","0","0","5","5","0","{""source"":""uncompressed"",""minimum_ms"":0,""inherent_ms"":1,""unstressed_scale"":0.5,""citations"":[""Allen et al. 1987 Table 9-1 p.96 (row named by source)"",""Engineering adaptation: source MIN/INHERENT ratio scaled to Qlatt duration basis"",""Engineering policy: silence and generated release/aspiration use explicit timing and timeline safety floors""]}","insert_mapped_voiced_release; insert_mapped_voiced_release; cluster_shortening; duration_cap; lock_stop_release_duration; duration_floor_stop_release"
"Bob bought a big blue balloon.","segment_13:remap_stops_to_closures:0:insert_mapped_voiced_release:1","AH","0","vowel","50","21","10.714285714285714","40","37","-3","{""source"":""AH"",""minimum_ms"":60,""inherent_ms"":140,""unstressed_scale"":0.5,""citations"":[""Allen et al. 1987 Table 9-1 p.96 (row named by source)"",""Engineering adaptation: source MIN/INHERENT ratio scaled to Qlatt duration basis""]}","insert_mapped_voiced_release; stress_duration; accent_vowel_lengthening; polysyllabic_shortening; vowel_shortening; duration_cap; duration_floor_default"
"Bob bought a big blue balloon.","segment_15","L","","liquid","80","48","40","65","61","-4","{""source"":""LL"",""minimum_ms"":40,""inherent_ms"":80,""unstressed_scale"":0.5,""citations"":[""Allen et al. 1987 Table 9-1 p.96 (row named by source)"",""Engineering adaptation: source MIN/INHERENT ratio scaled to Qlatt duration basis""]}","inventory_materialization; non_word_initial_consonant_shortening; word_medial_consonant_shortening; cluster_shortening; duration_cap; duration_floor_default"
"Bob bought a big blue balloon.","segment_16","UW","1","vowel","180","75.6","60","188","189","1","{""source"":""UW"",""minimum_ms"":70,""inherent_ms"":210,""unstressed_scale"":0.5,""citations"":[""Allen et al. 1987 Table 9-1 p.96 (row named by source)"",""Engineering adaptation: source MIN/INHERENT ratio scaled to Qlatt duration basis""]}","inventory_materialization; stress_duration; accent_vowel_lengthening; polysyllabic_shortening; vowel_shortening; duration_cap; duration_floor_default"
"Bob bought a big blue balloon.","segment_17","N","","nasal","70","42","58.333333333333336","60","66","6","{""source"":""NN"",""minimum_ms"":50,""inherent_ms"":60,""unstressed_scale"":0.5,""citations"":[""Allen et al. 1987 Table 9-1 p.96 (row named by source)"",""Engineering adaptation: source MIN/INHERENT ratio scaled to Qlatt duration basis""]}","inventory_materialization; non_word_initial_consonant_shortening; cluster_shortening; pre_boundary_lengthening; duration_cap; duration_floor_default"
"Bob bought a big blue balloon.","segment_18","SIL","","silence","100","60","0","300","300","0","{""source"":""uncompressed"",""minimum_ms"":0,""inherent_ms"":1,""unstressed_scale"":0.5,""citations"":[""Allen et al. 1987 Table 9-1 p.96 (row named by source)"",""Engineering adaptation: source MIN/INHERENT ratio scaled to Qlatt duration basis"",""Engineering policy: silence and generated release/aspiration use explicit timing and timeline safety floors""]}","inventory_materialization; punctuation_pause; duration_floor_default"
"Pat tapped a pot and picked a paper cup.","segment_0:remap_stops_to_closures:0","P_CL","","stop_closure","50","30","27.77777777777778","49","48","-1","{""source"":""PP"",""minimum_ms"":50,""inherent_ms"":90,""unstressed_scale"":0.5,""citations"":[""Allen et al. 1987 Table 9-1 p.96 (row named by source)"",""Engineering adaptation: source MIN/INHERENT ratio scaled to Qlatt duration basis""]}","remap_stops_to_closures; remap_stops_to_closures; word_initial_lengthening; cluster_shortening; duration_cap; duration_floor_default"
"Pat tapped a pot and picked a paper cup.","segment_0:remap_stops_to_closures:0:insert_mapped_voiceless_release_and_aspiration:0","P_REL","","stop_release","2.413793103448276","0","0","5","5","0","{""source"":""uncompressed"",""minimum_ms"":0,""inherent_ms"":1,""unstressed_scale"":0.5,""citations"":[""Allen et al. 1987 Table 9-1 p.96 (row named by source)"",""Engineering adaptation: source MIN/INHERENT ratio scaled to Qlatt duration basis"",""Engineering policy: silence and generated release/aspiration use explicit timing and timeline safety floors""]}","insert_mapped_voiceless_release_and_aspiration; insert_mapped_voiceless_release_and_aspiration; cluster_shortening; duration_cap; lock_stop_release_duration; duration_floor_stop_release"
"Pat tapped a pot and picked a paper cup.","segment_0:remap_stops_to_closures:0:insert_mapped_voiceless_release_and_aspiration:1","P_ASP","","stop_aspiration","25.586206896551722","0","0","26","26","0","{""source"":""uncompressed"",""minimum_ms"":0,""inherent_ms"":1,""unstressed_scale"":0.5,""citations"":[""Allen et al. 1987 Table 9-1 p.96 (row named by source)"",""Engineering adaptation: source MIN/INHERENT ratio scaled to Qlatt duration basis"",""Engineering policy: silence and generated release/aspiration use explicit timing and timeline safety floors""]}","insert_mapped_voiceless_release_and_aspiration; insert_mapped_voiceless_release_and_aspiration; cluster_shortening; duration_cap; lock_stop_release_duration; duration_floor_stop_release"
"Pat tapped a pot and picked a paper cup.","segment_0:remap_stops_to_closures:0:insert_mapped_voiceless_release_and_aspiration:2","AE","1","vowel","170","71.39999999999999","59.130434782608695","152","150","-2","{""source"":""AE"",""minimum_ms"":80,""inherent_ms"":230,""unstressed_scale"":0.5,""citations"":[""Allen et al. 1987 Table 9-1 p.96 (row named by source)"",""Engineering adaptation: source MIN/INHERENT ratio scaled to Qlatt duration basis""]}","insert_mapped_voiceless_release_and_aspiration; stress_duration; accent_vowel_lengthening; polysyllabic_shortening; vowel_shortening; pre_boundary_lengthening; duration_cap; duration_floor_default"
"Pat tapped a pot and picked a paper cup.","segment_2:remap_stops_to_closures:0","T_CL","","stop_closure","50","30","33.333333333333336","41","42","1","{""source"":""TT"",""minimum_ms"":50,""inherent_ms"":75,""unstressed_scale"":0.5,""citations"":[""Allen et al. 1987 Table 9-1 p.96 (row named by source)"",""Engineering adaptation: source MIN/INHERENT ratio scaled to Qlatt duration basis""]}","remap_stops_to_closures; remap_stops_to_closures; non_word_initial_consonant_shortening; cluster_shortening; pre_boundary_lengthening; duration_cap; duration_floor_default"
"Pat tapped a pot and picked a paper cup.","segment_3:remap_stops_to_closures:0","T_CL","","stop_closure","50","30","33.333333333333336","49","49","0","{""source"":""TT"",""minimum_ms"":50,""inherent_ms"":75,""unstressed_scale"":0.5,""citations"":[""Allen et al. 1987 Table 9-1 p.96 (row named by source)"",""Engineering adaptation: source MIN/INHERENT ratio scaled to Qlatt duration basis""]}","remap_stops_to_closures; remap_stops_to_closures; word_initial_lengthening; cluster_shortening; duration_cap; duration_floor_default"
"Pat tapped a pot and picked a paper cup.","segment_3:remap_stops_to_closures:0:insert_mapped_voiceless_release_and_aspiration:0","T_REL","","stop_release","8.23943661971831","0","0","8","8","0","{""source"":""uncompressed"",""minimum_ms"":0,""inherent_ms"":1,""unstressed_scale"":0.5,""citations"":[""Allen et al. 1987 Table 9-1 p.96 (row named by source)"",""Engineering adaptation: source MIN/INHERENT ratio scaled to Qlatt duration basis"",""Engineering policy: silence and generated release/aspiration use explicit timing and timeline safety floors""]}","insert_mapped_voiceless_release_and_aspiration; insert_mapped_voiceless_release_and_aspiration; cluster_shortening; duration_cap; lock_stop_release_duration; duration_floor_stop_release"
"Pat tapped a pot and picked a paper cup.","segment_3:remap_stops_to_closures:0:insert_mapped_voiceless_release_and_aspiration:1","T_ASP","","stop_aspiration","30.76056338028169","0","0","31","31","0","{""source"":""uncompressed"",""minimum_ms"":0,""inherent_ms"":1,""unstressed_scale"":0.5,""citations"":[""Allen et al. 1987 Table 9-1 p.96 (row named by source)"",""Engineering adaptation: source MIN/INHERENT ratio scaled to Qlatt duration basis"",""Engineering policy: silence and generated release/aspiration use explicit timing and timeline safety floors""]}","insert_mapped_voiceless_release_and_aspiration; insert_mapped_voiceless_release_and_aspiration; cluster_shortening; duration_cap; lock_stop_release_duration; duration_floor_stop_release"
"Pat tapped a pot and picked a paper cup.","segment_3:remap_stops_to_closures:0:insert_mapped_voiceless_release_and_aspiration:2","AE","1","vowel","170","71.39999999999999","59.130434782608695","152","150","-2","{""source"":""AE"",""minimum_ms"":80,""inherent_ms"":230,""unstressed_scale"":0.5,""citations"":[""Allen et al. 1987 Table 9-1 p.96 (row named by source)"",""Engineering adaptation: source MIN/INHERENT ratio scaled to Qlatt duration basis""]}","insert_mapped_voiceless_release_and_aspiration; stress_duration; accent_vowel_lengthening; polysyllabic_shortening; vowel_shortening; pre_boundary_lengthening; duration_cap; duration_floor_default"
"Pat tapped a pot and picked a paper cup.","segment_5:remap_stops_to_closures:0","P_CL","","stop_closure","50","30","27.77777777777778","39","38","-1","{""source"":""PP"",""minimum_ms"":50,""inherent_ms"":90,""unstressed_scale"":0.5,""citations"":[""Allen et al. 1987 Table 9-1 p.96 (row named by source)"",""Engineering adaptation: source MIN/INHERENT ratio scaled to Qlatt duration basis""]}","remap_stops_to_closures; remap_stops_to_closures; non_word_initial_consonant_shortening; word_medial_consonant_shortening; cluster_shortening; pre_boundary_lengthening; duration_cap; duration_floor_default"
"Pat tapped a pot and picked a paper cup.","segment_6:remap_stops_to_closures:0","T_CL","","stop_closure","50","30","33.333333333333336","39","41","2","{""source"":""TT"",""minimum_ms"":50,""inherent_ms"":75,""unstressed_scale"":0.5,""citations"":[""Allen et al. 1987 Table 9-1 p.96 (row named by source)"",""Engineering adaptation: source MIN/INHERENT ratio scaled to Qlatt duration basis""]}","remap_stops_to_closures; remap_stops_to_closures; non_word_initial_consonant_shortening; word_medial_consonant_shortening; cluster_shortening; duration_cap; duration_floor_default"
"Pat tapped a pot and picked a paper cup.","segment_6:remap_stops_to_closures:0:insert_mapped_voiceless_release_and_aspiration:0","T_REL","","stop_release","7.816901408450704","0","0","8","8","0","{""source"":""uncompressed"",""minimum_ms"":0,""inherent_ms"":1,""unstressed_scale"":0.5,""citations"":[""Allen et al. 1987 Table 9-1 p.96 (row named by source)"",""Engineering adaptation: source MIN/INHERENT ratio scaled to Qlatt duration basis"",""Engineering policy: silence and generated release/aspiration use explicit timing and timeline safety floors""]}","insert_mapped_voiceless_release_and_aspiration; insert_mapped_voiceless_release_and_aspiration; cluster_shortening; duration_cap; lock_stop_release_duration; duration_floor_stop_release"
"Pat tapped a pot and picked a paper cup.","segment_6:remap_stops_to_closures:0:insert_mapped_voiceless_release_and_aspiration:1","T_ASP","","stop_aspiration","29.183098591549296","0","0","29","29","0","{""source"":""uncompressed"",""minimum_ms"":0,""inherent_ms"":1,""unstressed_scale"":0.5,""citations"":[""Allen et al. 1987 Table 9-1 p.96 (row named by source)"",""Engineering adaptation: source MIN/INHERENT ratio scaled to Qlatt duration basis"",""Engineering policy: silence and generated release/aspiration use explicit timing and timeline safety floors""]}","insert_mapped_voiceless_release_and_aspiration; insert_mapped_voiceless_release_and_aspiration; cluster_shortening; duration_cap; lock_stop_release_duration; duration_floor_stop_release"
"Pat tapped a pot and picked a paper cup.","segment_6:remap_stops_to_closures:0:insert_mapped_voiceless_release_and_aspiration:2","AH","0","vowel","50","21","10.714285714285714","34","28","-6","{""source"":""AH"",""minimum_ms"":60,""inherent_ms"":140,""unstressed_scale"":0.5,""citations"":[""Allen et al. 1987 Table 9-1 p.96 (row named by source)"",""Engineering adaptation: source MIN/INHERENT ratio scaled to Qlatt duration basis""]}","insert_mapped_voiceless_release_and_aspiration; stress_duration; polysyllabic_shortening; vowel_shortening; pre_boundary_lengthening; duration_cap; duration_floor_default"
"Pat tapped a pot and picked a paper cup.","segment_8:remap_stops_to_closures:0","P_CL","","stop_closure","50","30","27.77777777777778","49","48","-1","{""source"":""PP"",""minimum_ms"":50,""inherent_ms"":90,""unstressed_scale"":0.5,""citations"":[""Allen et al. 1987 Table 9-1 p.96 (row named by source)"",""Engineering adaptation: source MIN/INHERENT ratio scaled to Qlatt duration basis""]}","remap_stops_to_closures; remap_stops_to_closures; word_initial_lengthening; cluster_shortening; pre_boundary_lengthening; duration_cap; duration_floor_default"
"Pat tapped a pot and picked a paper cup.","segment_8:remap_stops_to_closures:0:insert_mapped_voiceless_release_and_aspiration:0","P_REL","","stop_release","2.413793103448276","0","0","5","5","0","{""source"":""uncompressed"",""minimum_ms"":0,""inherent_ms"":1,""unstressed_scale"":0.5,""citations"":[""Allen et al. 1987 Table 9-1 p.96 (row named by source)"",""Engineering adaptation: source MIN/INHERENT ratio scaled to Qlatt duration basis"",""Engineering policy: silence and generated release/aspiration use explicit timing and timeline safety floors""]}","insert_mapped_voiceless_release_and_aspiration; insert_mapped_voiceless_release_and_aspiration; cluster_shortening; duration_cap; lock_stop_release_duration; duration_floor_stop_release"
"Pat tapped a pot and picked a paper cup.","segment_8:remap_stops_to_closures:0:insert_mapped_voiceless_release_and_aspiration:1","P_ASP","","stop_aspiration","25.586206896551722","0","0","26","26","0","{""source"":""uncompressed"",""minimum_ms"":0,""inherent_ms"":1,""unstressed_scale"":0.5,""citations"":[""Allen et al. 1987 Table 9-1 p.96 (row named by source)"",""Engineering adaptation: source MIN/INHERENT ratio scaled to Qlatt duration basis"",""Engineering policy: silence and generated release/aspiration use explicit timing and timeline safety floors""]}","insert_mapped_voiceless_release_and_aspiration; insert_mapped_voiceless_release_and_aspiration; cluster_shortening; duration_cap; lock_stop_release_duration; duration_floor_stop_release"
"Pat tapped a pot and picked a paper cup.","segment_8:remap_stops_to_closures:0:insert_mapped_voiceless_release_and_aspiration:2","AA","1","vowel","180","75.6","75","197","198","1","{""source"":""AA"",""minimum_ms"":100,""inherent_ms"":240,""unstressed_scale"":0.5,""citations"":[""Allen et al. 1987 Table 9-1 p.96 (row named by source)"",""Engineering adaptation: source MIN/INHERENT ratio scaled to Qlatt duration basis""]}","insert_mapped_voiceless_release_and_aspiration; stress_duration; accent_vowel_lengthening; polysyllabic_shortening; vowel_shortening; pre_boundary_lengthening; duration_cap; duration_floor_default"
"Pat tapped a pot and picked a paper cup.","segment_10:t_flapping:0","DX","","flap","30","18","30","27","30","3","{""source"":""DX"",""minimum_ms"":20,""inherent_ms"":20,""unstressed_scale"":0.5,""citations"":[""Allen et al. 1987 Table 9-1 p.96 (row named by source)"",""Engineering adaptation: source MIN/INHERENT ratio scaled to Qlatt duration basis""]}","t_flapping; t_flapping; cluster_shortening; pre_boundary_lengthening; duration_cap; duration_floor_default"
"Pat tapped a pot and picked a paper cup.","segment_11","AH","0","vowel","50","21","10.714285714285714","41","37","-4","{""source"":""AH"",""minimum_ms"":60,""inherent_ms"":140,""unstressed_scale"":0.5,""citations"":[""Allen et al. 1987 Table 9-1 p.96 (row named by source)"",""Engineering adaptation: source MIN/INHERENT ratio scaled to Qlatt duration basis""]}","inventory_materialization; stress_duration; vowel_shortening; pre_boundary_lengthening; duration_cap; duration_floor_default"
"Pat tapped a pot and picked a paper cup.","segment_12","N","","nasal","70","42","58.333333333333336","57","65","8","{""source"":""NN"",""minimum_ms"":50,""inherent_ms"":60,""unstressed_scale"":0.5,""citations"":[""Allen et al. 1987 Table 9-1 p.96 (row named by source)"",""Engineering adaptation: source MIN/INHERENT ratio scaled to Qlatt duration basis""]}","inventory_materialization; non_word_initial_consonant_shortening; word_medial_consonant_shortening; cluster_shortening; pre_boundary_lengthening; duration_cap; duration_floor_default"
"Pat tapped a pot and picked a paper cup.","segment_13:remap_stops_to_closures:0","D_CL","","stop_closure","50","30","33.333333333333336","41","42","1","{""source"":""DD"",""minimum_ms"":50,""inherent_ms"":75,""unstressed_scale"":0.5,""citations"":[""Allen et al. 1987 Table 9-1 p.96 (row named by source)"",""Engineering adaptation: source MIN/INHERENT ratio scaled to Qlatt duration basis""]}","remap_stops_to_closures; remap_stops_to_closures; non_word_initial_consonant_shortening; cluster_shortening; pre_boundary_lengthening; duration_cap; duration_floor_default"
"Pat tapped a pot and picked a paper cup.","segment_14:remap_stops_to_closures:0","P_CL","","stop_closure","50","30","27.77777777777778","49","48","-1","{""source"":""PP"",""minimum_ms"":50,""inherent_ms"":90,""unstressed_scale"":0.5,""citations"":[""Allen et al. 1987 Table 9-1 p.96 (row named by source)"",""Engineering adaptation: source MIN/INHERENT ratio scaled to Qlatt duration basis""]}","remap_stops_to_closures; remap_stops_to_closures; word_initial_lengthening; cluster_shortening; duration_cap; duration_floor_default"
"Pat tapped a pot and picked a paper cup.","segment_14:remap_stops_to_closures:0:insert_mapped_voiceless_release_and_aspiration:0","P_REL","","stop_release","2.413793103448276","0","0","5","5","0","{""source"":""uncompressed"",""minimum_ms"":0,""inherent_ms"":1,""unstressed_scale"":0.5,""citations"":[""Allen et al. 1987 Table 9-1 p.96 (row named by source)"",""Engineering adaptation: source MIN/INHERENT ratio scaled to Qlatt duration basis"",""Engineering policy: silence and generated release/aspiration use explicit timing and timeline safety floors""]}","insert_mapped_voiceless_release_and_aspiration; insert_mapped_voiceless_release_and_aspiration; cluster_shortening; duration_cap; lock_stop_release_duration; duration_floor_stop_release"
"Pat tapped a pot and picked a paper cup.","segment_14:remap_stops_to_closures:0:insert_mapped_voiceless_release_and_aspiration:1","P_ASP","","stop_aspiration","25.586206896551722","0","0","26","26","0","{""source"":""uncompressed"",""minimum_ms"":0,""inherent_ms"":1,""unstressed_scale"":0.5,""citations"":[""Allen et al. 1987 Table 9-1 p.96 (row named by source)"",""Engineering adaptation: source MIN/INHERENT ratio scaled to Qlatt duration basis"",""Engineering policy: silence and generated release/aspiration use explicit timing and timeline safety floors""]}","insert_mapped_voiceless_release_and_aspiration; insert_mapped_voiceless_release_and_aspiration; cluster_shortening; duration_cap; lock_stop_release_duration; duration_floor_stop_release"
"Pat tapped a pot and picked a paper cup.","segment_14:remap_stops_to_closures:0:insert_mapped_voiceless_release_and_aspiration:2","IH","1","vowel","100","42","29.62962962962963","89","87","-2","{""source"":""IH"",""minimum_ms"":40,""inherent_ms"":135,""unstressed_scale"":0.5,""citations"":[""Allen et al. 1987 Table 9-1 p.96 (row named by source)"",""Engineering adaptation: source MIN/INHERENT ratio scaled to Qlatt duration basis""]}","insert_mapped_voiceless_release_and_aspiration; stress_duration; accent_vowel_lengthening; polysyllabic_shortening; vowel_shortening; pre_boundary_lengthening; duration_cap; duration_floor_default"
"Pat tapped a pot and picked a paper cup.","segment_16:remap_stops_to_closures:0","K_CL","","stop_closure","60","36","45","47","52","5","{""source"":""KK"",""minimum_ms"":60,""inherent_ms"":80,""unstressed_scale"":0.5,""citations"":[""Allen et al. 1987 Table 9-1 p.96 (row named by source)"",""Engineering adaptation: source MIN/INHERENT ratio scaled to Qlatt duration basis""]}","remap_stops_to_closures; remap_stops_to_closures; non_word_initial_consonant_shortening; word_medial_consonant_shortening; cluster_shortening; pre_boundary_lengthening; duration_cap; duration_floor_default"
"Pat tapped a pot and picked a paper cup.","segment_17:remap_stops_to_closures:0","T_CL","","stop_closure","50","30","33.333333333333336","39","41","2","{""source"":""TT"",""minimum_ms"":50,""inherent_ms"":75,""unstressed_scale"":0.5,""citations"":[""Allen et al. 1987 Table 9-1 p.96 (row named by source)"",""Engineering adaptation: source MIN/INHERENT ratio scaled to Qlatt duration basis""]}","remap_stops_to_closures; remap_stops_to_closures; non_word_initial_consonant_shortening; word_medial_consonant_shortening; cluster_shortening; duration_cap; duration_floor_default"
"Pat tapped a pot and picked a paper cup.","segment_17:remap_stops_to_closures:0:insert_mapped_voiceless_release_and_aspiration:0","T_REL","","stop_release","7.816901408450704","0","0","8","8","0","{""source"":""uncompressed"",""minimum_ms"":0,""inherent_ms"":1,""unstressed_scale"":0.5,""citations"":[""Allen et al. 1987 Table 9-1 p.96 (row named by source)"",""Engineering adaptation: source MIN/INHERENT ratio scaled to Qlatt duration basis"",""Engineering policy: silence and generated release/aspiration use explicit timing and timeline safety floors""]}","insert_mapped_voiceless_release_and_aspiration; insert_mapped_voiceless_release_and_aspiration; cluster_shortening; duration_cap; lock_stop_release_duration; duration_floor_stop_release"
"Pat tapped a pot and picked a paper cup.","segment_17:remap_stops_to_closures:0:insert_mapped_voiceless_release_and_aspiration:1","T_ASP","","stop_aspiration","29.183098591549296","0","0","29","29","0","{""source"":""uncompressed"",""minimum_ms"":0,""inherent_ms"":1,""unstressed_scale"":0.5,""citations"":[""Allen et al. 1987 Table 9-1 p.96 (row named by source)"",""Engineering adaptation: source MIN/INHERENT ratio scaled to Qlatt duration basis"",""Engineering policy: silence and generated release/aspiration use explicit timing and timeline safety floors""]}","insert_mapped_voiceless_release_and_aspiration; insert_mapped_voiceless_release_and_aspiration; cluster_shortening; duration_cap; lock_stop_release_duration; duration_floor_stop_release"
"Pat tapped a pot and picked a paper cup.","segment_17:remap_stops_to_closures:0:insert_mapped_voiceless_release_and_aspiration:2","AH","0","vowel","50","21","10.714285714285714","34","28","-6","{""source"":""AH"",""minimum_ms"":60,""inherent_ms"":140,""unstressed_scale"":0.5,""citations"":[""Allen et al. 1987 Table 9-1 p.96 (row named by source)"",""Engineering adaptation: source MIN/INHERENT ratio scaled to Qlatt duration basis""]}","insert_mapped_voiceless_release_and_aspiration; stress_duration; polysyllabic_shortening; vowel_shortening; pre_boundary_lengthening; duration_cap; duration_floor_default"
"Pat tapped a pot and picked a paper cup.","segment_19:remap_stops_to_closures:0","P_CL","","stop_closure","50","30","27.77777777777778","51","51","0","{""source"":""PP"",""minimum_ms"":50,""inherent_ms"":90,""unstressed_scale"":0.5,""citations"":[""Allen et al. 1987 Table 9-1 p.96 (row named by source)"",""Engineering adaptation: source MIN/INHERENT ratio scaled to Qlatt duration basis""]}","remap_stops_to_closures; remap_stops_to_closures; word_initial_lengthening; cluster_shortening; pre_boundary_lengthening; duration_cap; duration_floor_default"
"Pat tapped a pot and picked a paper cup.","segment_19:remap_stops_to_closures:0:insert_mapped_voiceless_release_and_aspiration:0","P_REL","","stop_release","2.413793103448276","0","0","5","5","0","{""source"":""uncompressed"",""minimum_ms"":0,""inherent_ms"":1,""unstressed_scale"":0.5,""citations"":[""Allen et al. 1987 Table 9-1 p.96 (row named by source)"",""Engineering adaptation: source MIN/INHERENT ratio scaled to Qlatt duration basis"",""Engineering policy: silence and generated release/aspiration use explicit timing and timeline safety floors""]}","insert_mapped_voiceless_release_and_aspiration; insert_mapped_voiceless_release_and_aspiration; cluster_shortening; duration_cap; lock_stop_release_duration; duration_floor_stop_release"
"Pat tapped a pot and picked a paper cup.","segment_19:remap_stops_to_closures:0:insert_mapped_voiceless_release_and_aspiration:1","P_ASP","","stop_aspiration","25.586206896551722","0","0","26","26","0","{""source"":""uncompressed"",""minimum_ms"":0,""inherent_ms"":1,""unstressed_scale"":0.5,""citations"":[""Allen et al. 1987 Table 9-1 p.96 (row named by source)"",""Engineering adaptation: source MIN/INHERENT ratio scaled to Qlatt duration basis"",""Engineering policy: silence and generated release/aspiration use explicit timing and timeline safety floors""]}","insert_mapped_voiceless_release_and_aspiration; insert_mapped_voiceless_release_and_aspiration; cluster_shortening; duration_cap; lock_stop_release_duration; duration_floor_stop_release"
"Pat tapped a pot and picked a paper cup.","segment_19:remap_stops_to_closures:0:insert_mapped_voiceless_release_and_aspiration:2","EH1","1","vowel","120","50.4","44.8","104","104","0","{""source"":""EH"",""minimum_ms"":70,""inherent_ms"":150,""unstressed_scale"":0.5,""citations"":[""Allen et al. 1987 Table 9-1 p.96 (row named by source)"",""Engineering adaptation: source MIN/INHERENT ratio scaled to Qlatt duration basis""]}","insert_mapped_voiceless_release_and_aspiration; stress_duration; accent_vowel_lengthening; polysyllabic_shortening; vowel_shortening; pre_boundary_lengthening; duration_cap; duration_floor_default"
"Pat tapped a pot and picked a paper cup.","segment_20:expand_diphthongs:1","Y","0","glide","80","48","16","54","36","-18","{""source"":""YY"",""minimum_ms"":40,""inherent_ms"":80,""unstressed_scale"":0.5,""citations"":[""Allen et al. 1987 Table 9-1 p.96 (row named by source)"",""Engineering adaptation: source MIN/INHERENT ratio scaled to Qlatt duration basis""]}","expand_diphthongs; expand_diphthongs; non_word_initial_consonant_shortening; word_medial_consonant_shortening; unstressed_consonant_shortening; cluster_shortening; pre_boundary_lengthening; duration_cap; duration_floor_default"
"Pat tapped a pot and picked a paper cup.","segment_21:remap_stops_to_closures:0","P_CL","","stop_closure","50","30","27.77777777777778","39","38","-1","{""source"":""PP"",""minimum_ms"":50,""inherent_ms"":90,""unstressed_scale"":0.5,""citations"":[""Allen et al. 1987 Table 9-1 p.96 (row named by source)"",""Engineering adaptation: source MIN/INHERENT ratio scaled to Qlatt duration basis""]}","remap_stops_to_closures; remap_stops_to_closures; non_word_initial_consonant_shortening; word_medial_consonant_shortening; cluster_shortening; pre_boundary_lengthening; duration_cap; duration_floor_default"
"Pat tapped a pot and picked a paper cup.","segment_21:remap_stops_to_closures:0:insert_mapped_voiceless_release_and_aspiration:0","P_REL","","stop_release","2.931034482758621","0","0","5","5","0","{""source"":""uncompressed"",""minimum_ms"":0,""inherent_ms"":1,""unstressed_scale"":0.5,""citations"":[""Allen et al. 1987 Table 9-1 p.96 (row named by source)"",""Engineering adaptation: source MIN/INHERENT ratio scaled to Qlatt duration basis"",""Engineering policy: silence and generated release/aspiration use explicit timing and timeline safety floors""]}","insert_mapped_voiceless_release_and_aspiration; insert_mapped_voiceless_release_and_aspiration; cluster_shortening; duration_cap; lock_stop_release_duration; duration_floor_stop_release"
"Pat tapped a pot and picked a paper cup.","segment_21:remap_stops_to_closures:0:insert_mapped_voiceless_release_and_aspiration:1","P_ASP","","stop_aspiration","31.06896551724138","0","0","31","31","0","{""source"":""uncompressed"",""minimum_ms"":0,""inherent_ms"":1,""unstressed_scale"":0.5,""citations"":[""Allen et al. 1987 Table 9-1 p.96 (row named by source)"",""Engineering adaptation: source MIN/INHERENT ratio scaled to Qlatt duration basis"",""Engineering policy: silence and generated release/aspiration use explicit timing and timeline safety floors""]}","insert_mapped_voiceless_release_and_aspiration; insert_mapped_voiceless_release_and_aspiration; cluster_shortening; duration_cap; lock_stop_release_duration; duration_floor_stop_release"
"Pat tapped a pot and picked a paper cup.","segment_21:remap_stops_to_closures:0:insert_mapped_voiceless_release_and_aspiration:2","ER","0","vowel","42","17.64","9.333333333333334","130","130","0","{""source"":""ER"",""minimum_ms"":80,""inherent_ms"":180,""unstressed_scale"":0.5,""citations"":[""Allen et al. 1987 Table 9-1 p.96 (row named by source)"",""Engineering adaptation: source MIN/INHERENT ratio scaled to Qlatt duration basis""]}","insert_mapped_voiceless_release_and_aspiration; stress_duration; accent_vowel_lengthening; polysyllabic_shortening; vowel_shortening; pre_boundary_lengthening; duration_cap; hertz_nucleus_timing; duration_floor_default"
"Pat tapped a pot and picked a paper cup.","segment_22:expand_rhotic_vowels:1","R","0","liquid","28","30","30","30","30","0","{""source"":""RR"",""minimum_ms"":30,""inherent_ms"":80,""unstressed_scale"":0.5,""citations"":[""Allen et al. 1987 Table 9-1 p.96 (row named by source)"",""Engineering adaptation: source MIN/INHERENT ratio scaled to Qlatt duration basis""]}","expand_rhotic_vowels; expand_rhotic_vowels; non_word_initial_consonant_shortening; unstressed_consonant_shortening; cluster_shortening; pre_boundary_lengthening; duration_cap; duration_floor_default"
"Pat tapped a pot and picked a paper cup.","segment_23:remap_stops_to_closures:0","K_CL","","stop_closure","60","36","45","64","62","-2","{""source"":""KK"",""minimum_ms"":60,""inherent_ms"":80,""unstressed_scale"":0.5,""citations"":[""Allen et al. 1987 Table 9-1 p.96 (row named by source)"",""Engineering adaptation: source MIN/INHERENT ratio scaled to Qlatt duration basis""]}","remap_stops_to_closures; remap_stops_to_closures; word_initial_lengthening; cluster_shortening; pre_boundary_lengthening; duration_cap; duration_floor_default"
"Pat tapped a pot and picked a paper cup.","segment_23:remap_stops_to_closures:0:insert_mapped_voiceless_release_and_aspiration:0","K_REL","","stop_release","12.951807228915664","0","0","13","13","0","{""source"":""uncompressed"",""minimum_ms"":0,""inherent_ms"":1,""unstressed_scale"":0.5,""citations"":[""Allen et al. 1987 Table 9-1 p.96 (row named by source)"",""Engineering adaptation: source MIN/INHERENT ratio scaled to Qlatt duration basis"",""Engineering policy: silence and generated release/aspiration use explicit timing and timeline safety floors""]}","insert_mapped_voiceless_release_and_aspiration; insert_mapped_voiceless_release_and_aspiration; cluster_shortening; duration_cap; lock_stop_release_duration; duration_floor_stop_release"
"Pat tapped a pot and picked a paper cup.","segment_23:remap_stops_to_closures:0:insert_mapped_voiceless_release_and_aspiration:1","K_ASP","","stop_aspiration","30.048192771084338","0","0","30","30","0","{""source"":""uncompressed"",""minimum_ms"":0,""inherent_ms"":1,""unstressed_scale"":0.5,""citations"":[""Allen et al. 1987 Table 9-1 p.96 (row named by source)"",""Engineering adaptation: source MIN/INHERENT ratio scaled to Qlatt duration basis"",""Engineering policy: silence and generated release/aspiration use explicit timing and timeline safety floors""]}","insert_mapped_voiceless_release_and_aspiration; insert_mapped_voiceless_release_and_aspiration; cluster_shortening; duration_cap; lock_stop_release_duration; duration_floor_stop_release"
"Pat tapped a pot and picked a paper cup.","segment_23:remap_stops_to_closures:0:insert_mapped_voiceless_release_and_aspiration:2","AH","1","vowel","100","42","42.857142857142854","119","120","1","{""source"":""AH"",""minimum_ms"":60,""inherent_ms"":140,""unstressed_scale"":0.5,""citations"":[""Allen et al. 1987 Table 9-1 p.96 (row named by source)"",""Engineering adaptation: source MIN/INHERENT ratio scaled to Qlatt duration basis""]}","insert_mapped_voiceless_release_and_aspiration; stress_duration; accent_vowel_lengthening; polysyllabic_shortening; vowel_shortening; pre_boundary_lengthening; duration_cap; duration_floor_default"
"Pat tapped a pot and picked a paper cup.","segment_25:remap_stops_to_closures:0","P_CL","","stop_closure","50","30","27.77777777777778","41","40","-1","{""source"":""PP"",""minimum_ms"":50,""inherent_ms"":90,""unstressed_scale"":0.5,""citations"":[""Allen et al. 1987 Table 9-1 p.96 (row named by source)"",""Engineering adaptation: source MIN/INHERENT ratio scaled to Qlatt duration basis""]}","remap_stops_to_closures; remap_stops_to_closures; non_word_initial_consonant_shortening; word_medial_consonant_shortening; cluster_shortening; pre_boundary_lengthening; duration_cap; duration_floor_default"
"Pat tapped a pot and picked a paper cup.","segment_25:remap_stops_to_closures:0:insert_mapped_voiceless_release_and_aspiration:0","P_REL","","stop_release","15","0","0","15","15","0","{""source"":""uncompressed"",""minimum_ms"":0,""inherent_ms"":1,""unstressed_scale"":0.5,""citations"":[""Allen et al. 1987 Table 9-1 p.96 (row named by source)"",""Engineering adaptation: source MIN/INHERENT ratio scaled to Qlatt duration basis"",""Engineering policy: silence and generated release/aspiration use explicit timing and timeline safety floors""]}","insert_mapped_voiceless_release_and_aspiration; insert_mapped_voiceless_release_and_aspiration; cluster_shortening; duration_cap; lock_stop_release_duration; duration_floor_stop_release"
"Pat tapped a pot and picked a paper cup.","segment_25:remap_stops_to_closures:0:insert_mapped_voiceless_release_and_aspiration:1","P_ASP","","stop_aspiration","15.53448275862069","0","0","16","16","0","{""source"":""uncompressed"",""minimum_ms"":0,""inherent_ms"":1,""unstressed_scale"":0.5,""citations"":[""Allen et al. 1987 Table 9-1 p.96 (row named by source)"",""Engineering adaptation: source MIN/INHERENT ratio scaled to Qlatt duration basis"",""Engineering policy: silence and generated release/aspiration use explicit timing and timeline safety floors""]}","insert_mapped_voiceless_release_and_aspiration; insert_mapped_voiceless_release_and_aspiration; cluster_shortening; duration_cap; lock_stop_release_duration; duration_floor_stop_release"
"Pat tapped a pot and picked a paper cup.","segment_25:remap_stops_to_closures:0:insert_mapped_voiceless_release_and_aspiration:2","SIL","","silence","100","60","0","300","300","0","{""source"":""uncompressed"",""minimum_ms"":0,""inherent_ms"":1,""unstressed_scale"":0.5,""citations"":[""Allen et al. 1987 Table 9-1 p.96 (row named by source)"",""Engineering adaptation: source MIN/INHERENT ratio scaled to Qlatt duration basis"",""Engineering policy: silence and generated release/aspiration use explicit timing and timeline safety floors""]}","insert_mapped_voiceless_release_and_aspiration; punctuation_pause; duration_floor_default"
"Gag, gang, and gunk go together.","segment_0:remap_stops_to_closures:0","G_CL","","stop_closure","55","33","41.25","53","54","1","{""source"":""GG"",""minimum_ms"":60,""inherent_ms"":80,""unstressed_scale"":0.5,""citations"":[""Allen et al. 1987 Table 9-1 p.96 (row named by source)"",""Engineering adaptation: source MIN/INHERENT ratio scaled to Qlatt duration basis""]}","remap_stops_to_closures; remap_stops_to_closures; word_initial_lengthening; cluster_shortening; duration_cap; duration_floor_default"
"Gag, gang, and gunk go together.","segment_0:remap_stops_to_closures:0:insert_mapped_voiced_release:0","G_REL","","stop_release","20","0","0","20","20","0","{""source"":""uncompressed"",""minimum_ms"":0,""inherent_ms"":1,""unstressed_scale"":0.5,""citations"":[""Allen et al. 1987 Table 9-1 p.96 (row named by source)"",""Engineering adaptation: source MIN/INHERENT ratio scaled to Qlatt duration basis"",""Engineering policy: silence and generated release/aspiration use explicit timing and timeline safety floors""]}","insert_mapped_voiced_release; insert_mapped_voiced_release; cluster_shortening; duration_cap; lock_stop_release_duration; duration_floor_stop_release"
"Gag, gang, and gunk go together.","segment_0:remap_stops_to_closures:0:insert_mapped_voiced_release:1","AE","1","vowel","170","71.39999999999999","59.130434782608695","267","277","10","{""source"":""AE"",""minimum_ms"":80,""inherent_ms"":230,""unstressed_scale"":0.5,""citations"":[""Allen et al. 1987 Table 9-1 p.96 (row named by source)"",""Engineering adaptation: source MIN/INHERENT ratio scaled to Qlatt duration basis""]}","insert_mapped_voiced_release; stress_duration; accent_vowel_lengthening; polysyllabic_shortening; vowel_shortening; pre_boundary_lengthening; duration_cap; duration_floor_default"
"Gag, gang, and gunk go together.","segment_2:remap_stops_to_closures:0","G_CL","","stop_closure","55","33","41.25","44","49","5","{""source"":""GG"",""minimum_ms"":60,""inherent_ms"":80,""unstressed_scale"":0.5,""citations"":[""Allen et al. 1987 Table 9-1 p.96 (row named by source)"",""Engineering adaptation: source MIN/INHERENT ratio scaled to Qlatt duration basis""]}","remap_stops_to_closures; remap_stops_to_closures; non_word_initial_consonant_shortening; word_medial_consonant_shortening; cluster_shortening; pre_boundary_lengthening; duration_cap; duration_floor_default"
"Gag, gang, and gunk go together.","segment_2:remap_stops_to_closures:0:insert_mapped_voiced_release:0","G_REL","","stop_release","15","0","0","15","15","0","{""source"":""uncompressed"",""minimum_ms"":0,""inherent_ms"":1,""unstressed_scale"":0.5,""citations"":[""Allen et al. 1987 Table 9-1 p.96 (row named by source)"",""Engineering adaptation: source MIN/INHERENT ratio scaled to Qlatt duration basis"",""Engineering policy: silence and generated release/aspiration use explicit timing and timeline safety floors""]}","insert_mapped_voiced_release; insert_mapped_voiced_release; cluster_shortening; duration_cap; lock_stop_release_duration; duration_floor_stop_release"
"Gag, gang, and gunk go together.","segment_2:remap_stops_to_closures:0:insert_mapped_voiced_release:1","SIL","","silence","100","60","0","150","150","0","{""source"":""uncompressed"",""minimum_ms"":0,""inherent_ms"":1,""unstressed_scale"":0.5,""citations"":[""Allen et al. 1987 Table 9-1 p.96 (row named by source)"",""Engineering adaptation: source MIN/INHERENT ratio scaled to Qlatt duration basis"",""Engineering policy: silence and generated release/aspiration use explicit timing and timeline safety floors""]}","insert_mapped_voiced_release; punctuation_pause; duration_floor_default"
"Gag, gang, and gunk go together.","segment_4:remap_stops_to_closures:0","G_CL","","stop_closure","55","33","41.25","53","54","1","{""source"":""GG"",""minimum_ms"":60,""inherent_ms"":80,""unstressed_scale"":0.5,""citations"":[""Allen et al. 1987 Table 9-1 p.96 (row named by source)"",""Engineering adaptation: source MIN/INHERENT ratio scaled to Qlatt duration basis""]}","remap_stops_to_closures; remap_stops_to_closures; word_initial_lengthening; cluster_shortening; duration_cap; duration_floor_default"
"Gag, gang, and gunk go together.","segment_4:remap_stops_to_closures:0:insert_mapped_voiced_release:0","G_REL","","stop_release","20","0","0","20","20","0","{""source"":""uncompressed"",""minimum_ms"":0,""inherent_ms"":1,""unstressed_scale"":0.5,""citations"":[""Allen et al. 1987 Table 9-1 p.96 (row named by source)"",""Engineering adaptation: source MIN/INHERENT ratio scaled to Qlatt duration basis"",""Engineering policy: silence and generated release/aspiration use explicit timing and timeline safety floors""]}","insert_mapped_voiced_release; insert_mapped_voiced_release; cluster_shortening; duration_cap; lock_stop_release_duration; duration_floor_stop_release"
"Gag, gang, and gunk go together.","segment_4:remap_stops_to_closures:0:insert_mapped_voiced_release:1","AE","1","vowel","170","71.39999999999999","59.130434782608695","210","214","4","{""source"":""AE"",""minimum_ms"":80,""inherent_ms"":230,""unstressed_scale"":0.5,""citations"":[""Allen et al. 1987 Table 9-1 p.96 (row named by source)"",""Engineering adaptation: source MIN/INHERENT ratio scaled to Qlatt duration basis""]}","insert_mapped_voiced_release; stress_duration; accent_vowel_lengthening; polysyllabic_shortening; vowel_shortening; pre_boundary_lengthening; duration_cap; duration_floor_default"
"Gag, gang, and gunk go together.","segment_6","NG","","nasal","90","54","56.8421052631579","76","77","1","{""source"":""NG"",""minimum_ms"":60,""inherent_ms"":95,""unstressed_scale"":0.5,""citations"":[""Allen et al. 1987 Table 9-1 p.96 (row named by source)"",""Engineering adaptation: source MIN/INHERENT ratio scaled to Qlatt duration basis""]}","inventory_materialization; non_word_initial_consonant_shortening; cluster_shortening; pre_boundary_lengthening; duration_cap; duration_floor_default"
"Gag, gang, and gunk go together.","segment_7","SIL","","silence","100","60","0","150","150","0","{""source"":""uncompressed"",""minimum_ms"":0,""inherent_ms"":1,""unstressed_scale"":0.5,""citations"":[""Allen et al. 1987 Table 9-1 p.96 (row named by source)"",""Engineering adaptation: source MIN/INHERENT ratio scaled to Qlatt duration basis"",""Engineering policy: silence and generated release/aspiration use explicit timing and timeline safety floors""]}","inventory_materialization; punctuation_pause; duration_floor_default"
"Gag, gang, and gunk go together.","segment_8","AH","0","vowel","50","21","10.714285714285714","41","37","-4","{""source"":""AH"",""minimum_ms"":60,""inherent_ms"":140,""unstressed_scale"":0.5,""citations"":[""Allen et al. 1987 Table 9-1 p.96 (row named by source)"",""Engineering adaptation: source MIN/INHERENT ratio scaled to Qlatt duration basis""]}","inventory_materialization; stress_duration; vowel_shortening; pre_boundary_lengthening; duration_cap; duration_floor_default"
"Gag, gang, and gunk go together.","segment_9","N","","nasal","70","42","58.333333333333336","57","65","8","{""source"":""NN"",""minimum_ms"":50,""inherent_ms"":60,""unstressed_scale"":0.5,""citations"":[""Allen et al. 1987 Table 9-1 p.96 (row named by source)"",""Engineering adaptation: source MIN/INHERENT ratio scaled to Qlatt duration basis""]}","inventory_materialization; non_word_initial_consonant_shortening; word_medial_consonant_shortening; cluster_shortening; pre_boundary_lengthening; duration_cap; duration_floor_default"
"Gag, gang, and gunk go together.","segment_10:remap_stops_to_closures:0","D_CL","","stop_closure","50","30","33.333333333333336","41","42","1","{""source"":""DD"",""minimum_ms"":50,""inherent_ms"":75,""unstressed_scale"":0.5,""citations"":[""Allen et al. 1987 Table 9-1 p.96 (row named by source)"",""Engineering adaptation: source MIN/INHERENT ratio scaled to Qlatt duration basis""]}","remap_stops_to_closures; remap_stops_to_closures; non_word_initial_consonant_shortening; cluster_shortening; pre_boundary_lengthening; duration_cap; duration_floor_default"
"Gag, gang, and gunk go together.","segment_11:remap_stops_to_closures:0","G_CL","","stop_closure","55","33","41.25","53","54","1","{""source"":""GG"",""minimum_ms"":60,""inherent_ms"":80,""unstressed_scale"":0.5,""citations"":[""Allen et al. 1987 Table 9-1 p.96 (row named by source)"",""Engineering adaptation: source MIN/INHERENT ratio scaled to Qlatt duration basis""]}","remap_stops_to_closures; remap_stops_to_closures; word_initial_lengthening; cluster_shortening; duration_cap; duration_floor_default"
"Gag, gang, and gunk go together.","segment_11:remap_stops_to_closures:0:insert_mapped_voiced_release:0","G_REL","","stop_release","20","0","0","20","20","0","{""source"":""uncompressed"",""minimum_ms"":0,""inherent_ms"":1,""unstressed_scale"":0.5,""citations"":[""Allen et al. 1987 Table 9-1 p.96 (row named by source)"",""Engineering adaptation: source MIN/INHERENT ratio scaled to Qlatt duration basis"",""Engineering policy: silence and generated release/aspiration use explicit timing and timeline safety floors""]}","insert_mapped_voiced_release; insert_mapped_voiced_release; cluster_shortening; duration_cap; lock_stop_release_duration; duration_floor_stop_release"
"Gag, gang, and gunk go together.","segment_11:remap_stops_to_closures:0:insert_mapped_voiced_release:1","AH","1","vowel","100","42","42.857142857142854","99","99","0","{""source"":""AH"",""minimum_ms"":60,""inherent_ms"":140,""unstressed_scale"":0.5,""citations"":[""Allen et al. 1987 Table 9-1 p.96 (row named by source)"",""Engineering adaptation: source MIN/INHERENT ratio scaled to Qlatt duration basis""]}","insert_mapped_voiced_release; stress_duration; accent_vowel_lengthening; polysyllabic_shortening; vowel_shortening; pre_boundary_lengthening; duration_cap; duration_floor_default"
"Gag, gang, and gunk go together.","segment_13:normalize_velar_nasal:0","NG","","nasal","90","54","56.8421052631579","70","73","3","{""source"":""NG"",""minimum_ms"":60,""inherent_ms"":95,""unstressed_scale"":0.5,""citations"":[""Allen et al. 1987 Table 9-1 p.96 (row named by source)"",""Engineering adaptation: source MIN/INHERENT ratio scaled to Qlatt duration basis""]}","normalize_velar_nasal; normalize_velar_nasal; non_word_initial_consonant_shortening; word_medial_consonant_shortening; cluster_shortening; pre_boundary_lengthening; duration_cap; duration_floor_default"
"Gag, gang, and gunk go together.","segment_14:remap_stops_to_closures:0","K_CL","","stop_closure","60","36","45","49","54","5","{""source"":""KK"",""minimum_ms"":60,""inherent_ms"":80,""unstressed_scale"":0.5,""citations"":[""Allen et al. 1987 Table 9-1 p.96 (row named by source)"",""Engineering adaptation: source MIN/INHERENT ratio scaled to Qlatt duration basis""]}","remap_stops_to_closures; remap_stops_to_closures; non_word_initial_consonant_shortening; cluster_shortening; pre_boundary_lengthening; duration_cap; duration_floor_default"
"Gag, gang, and gunk go together.","segment_15:remap_stops_to_closures:0","G_CL","","stop_closure","55","33","41.25","56","56","0","{""source"":""GG"",""minimum_ms"":60,""inherent_ms"":80,""unstressed_scale"":0.5,""citations"":[""Allen et al. 1987 Table 9-1 p.96 (row named by source)"",""Engineering adaptation: source MIN/INHERENT ratio scaled to Qlatt duration basis""]}","remap_stops_to_closures; remap_stops_to_closures; word_initial_lengthening; cluster_shortening; duration_cap; duration_floor_default"
"Gag, gang, and gunk go together.","segment_15:remap_stops_to_closures:0:insert_mapped_voiced_release:0","G_REL","","stop_release","20","0","0","20","20","0","{""source"":""uncompressed"",""minimum_ms"":0,""inherent_ms"":1,""unstressed_scale"":0.5,""citations"":[""Allen et al. 1987 Table 9-1 p.96 (row named by source)"",""Engineering adaptation: source MIN/INHERENT ratio scaled to Qlatt duration basis"",""Engineering policy: silence and generated release/aspiration use explicit timing and timeline safety floors""]}","insert_mapped_voiced_release; insert_mapped_voiced_release; cluster_shortening; duration_cap; lock_stop_release_duration; duration_floor_stop_release"
"Gag, gang, and gunk go together.","segment_15:remap_stops_to_closures:0:insert_mapped_voiced_release:1","AO1","1","vowel","160","67.2","42.5","108","112","4","{""source"":""AO"",""minimum_ms"":100,""inherent_ms"":240,""unstressed_scale"":0.5,""citations"":[""Allen et al. 1987 Table 9-1 p.96 (row named by source)"",""Engineering adaptation: source MIN/INHERENT ratio scaled to Qlatt duration basis""]}","insert_mapped_voiced_release; stress_duration; accent_vowel_lengthening; polysyllabic_shortening; vowel_shortening; pre_boundary_lengthening; duration_cap; duration_floor_default"
"Gag, gang, and gunk go together.","segment_16:expand_diphthongs:1","W","0","glide","80","48","25.5","58","46","-12","{""source"":""WW"",""minimum_ms"":60,""inherent_ms"":80,""unstressed_scale"":0.5,""citations"":[""Allen et al. 1987 Table 9-1 p.96 (row named by source)"",""Engineering adaptation: source MIN/INHERENT ratio scaled to Qlatt duration basis""]}","expand_diphthongs; expand_diphthongs; non_word_initial_consonant_shortening; unstressed_consonant_shortening; cluster_shortening; pre_boundary_lengthening; duration_cap; duration_floor_default"
"Gag, gang, and gunk go together.","segment_17:t_flapping:0","DX","","flap","30","18","30","27","30","3","{""source"":""DX"",""minimum_ms"":20,""inherent_ms"":20,""unstressed_scale"":0.5,""citations"":[""Allen et al. 1987 Table 9-1 p.96 (row named by source)"",""Engineering adaptation: source MIN/INHERENT ratio scaled to Qlatt duration basis""]}","t_flapping; t_flapping; cluster_shortening; duration_cap; duration_floor_default"
"Gag, gang, and gunk go together.","segment_18","AH","0","vowel","50","21","10.714285714285714","44","42","-2","{""source"":""AH"",""minimum_ms"":60,""inherent_ms"":140,""unstressed_scale"":0.5,""citations"":[""Allen et al. 1987 Table 9-1 p.96 (row named by source)"",""Engineering adaptation: source MIN/INHERENT ratio scaled to Qlatt duration basis""]}","inventory_materialization; stress_duration; accent_vowel_lengthening; polysyllabic_shortening; vowel_shortening; duration_cap; duration_floor_default"
"Gag, gang, and gunk go together.","segment_19:remap_stops_to_closures:0","G_CL","","stop_closure","55","33","41.25","43","48","5","{""source"":""GG"",""minimum_ms"":60,""inherent_ms"":80,""unstressed_scale"":0.5,""citations"":[""Allen et al. 1987 Table 9-1 p.96 (row named by source)"",""Engineering adaptation: source MIN/INHERENT ratio scaled to Qlatt duration basis""]}","remap_stops_to_closures; remap_stops_to_closures; non_word_initial_consonant_shortening; word_medial_consonant_shortening; cluster_shortening; duration_cap; duration_floor_default"
"Gag, gang, and gunk go together.","segment_19:remap_stops_to_closures:0:insert_mapped_voiced_release:0","G_REL","","stop_release","20","0","0","20","20","0","{""source"":""uncompressed"",""minimum_ms"":0,""inherent_ms"":1,""unstressed_scale"":0.5,""citations"":[""Allen et al. 1987 Table 9-1 p.96 (row named by source)"",""Engineering adaptation: source MIN/INHERENT ratio scaled to Qlatt duration basis"",""Engineering policy: silence and generated release/aspiration use explicit timing and timeline safety floors""]}","insert_mapped_voiced_release; insert_mapped_voiced_release; cluster_shortening; duration_cap; lock_stop_release_duration; duration_floor_stop_release"
"Gag, gang, and gunk go together.","segment_19:remap_stops_to_closures:0:insert_mapped_voiced_release:1","EH","1","vowel","120","50.4","56","148","145","-3","{""source"":""EH"",""minimum_ms"":70,""inherent_ms"":150,""unstressed_scale"":0.5,""citations"":[""Allen et al. 1987 Table 9-1 p.96 (row named by source)"",""Engineering adaptation: source MIN/INHERENT ratio scaled to Qlatt duration basis""]}","insert_mapped_voiced_release; stress_duration; accent_vowel_lengthening; polysyllabic_shortening; vowel_shortening; duration_cap; duration_floor_default"
"Gag, gang, and gunk go together.","segment_21","DH","","fricative","70","42","42","60","60","0","{""source"":""DH"",""minimum_ms"":30,""inherent_ms"":50,""unstressed_scale"":0.5,""citations"":[""Allen et al. 1987 Table 9-1 p.96 (row named by source)"",""Engineering adaptation: source MIN/INHERENT ratio scaled to Qlatt duration basis""]}","inventory_materialization; non_word_initial_consonant_shortening; word_medial_consonant_shortening; cluster_shortening; duration_cap; fricative_minimum_duration; duration_floor_default"
"Gag, gang, and gunk go together.","segment_22:expand_rhotic_vowels:0","ER","0","vowel","42","17.64","9.333333333333334","130","130","0","{""source"":""ER"",""minimum_ms"":80,""inherent_ms"":180,""unstressed_scale"":0.5,""citations"":[""Allen et al. 1987 Table 9-1 p.96 (row named by source)"",""Engineering adaptation: source MIN/INHERENT ratio scaled to Qlatt duration basis""]}","expand_rhotic_vowels; expand_rhotic_vowels; stress_duration; accent_vowel_lengthening; polysyllabic_shortening; vowel_shortening; pre_boundary_lengthening; duration_cap; hertz_nucleus_timing; duration_floor_default"
"Gag, gang, and gunk go together.","segment_22:expand_rhotic_vowels:1","R","0","liquid","28","30","30","30","30","0","{""source"":""RR"",""minimum_ms"":30,""inherent_ms"":80,""unstressed_scale"":0.5,""citations"":[""Allen et al. 1987 Table 9-1 p.96 (row named by source)"",""Engineering adaptation: source MIN/INHERENT ratio scaled to Qlatt duration basis""]}","expand_rhotic_vowels; expand_rhotic_vowels; non_word_initial_consonant_shortening; unstressed_consonant_shortening; cluster_shortening; pre_boundary_lengthening; duration_cap; duration_floor_default"
"Gag, gang, and gunk go together.","segment_23","SIL","","silence","100","60","0","300","300","0","{""source"":""uncompressed"",""minimum_ms"":0,""inherent_ms"":1,""unstressed_scale"":0.5,""citations"":[""Allen et al. 1987 Table 9-1 p.96 (row named by source)"",""Engineering adaptation: source MIN/INHERENT ratio scaled to Qlatt duration basis"",""Engineering policy: silence and generated release/aspiration use explicit timing and timeline safety floors""]}","inventory_materialization; punctuation_pause; duration_floor_default"
"Layer, lawyer, royal, rural.","segment_0","L","","liquid","80","48","40","81","82","1","{""source"":""LL"",""minimum_ms"":40,""inherent_ms"":80,""unstressed_scale"":0.5,""citations"":[""Allen et al. 1987 Table 9-1 p.96 (row named by source)"",""Engineering adaptation: source MIN/INHERENT ratio scaled to Qlatt duration basis""]}","inventory_materialization; word_initial_lengthening; cluster_shortening; duration_cap; duration_floor_default"
"Layer, lawyer, royal, rural.","segment_1:expand_diphthongs:0","EH1","1","vowel","120","50.4","44.8","109","110","1","{""source"":""EH"",""minimum_ms"":70,""inherent_ms"":150,""unstressed_scale"":0.5,""citations"":[""Allen et al. 1987 Table 9-1 p.96 (row named by source)"",""Engineering adaptation: source MIN/INHERENT ratio scaled to Qlatt duration basis""]}","expand_diphthongs; expand_diphthongs; stress_duration; accent_vowel_lengthening; polysyllabic_shortening; vowel_shortening; duration_cap; duration_floor_default"
"Layer, lawyer, royal, rural.","segment_1:expand_diphthongs:1","Y","0","glide","80","48","16","54","36","-18","{""source"":""YY"",""minimum_ms"":40,""inherent_ms"":80,""unstressed_scale"":0.5,""citations"":[""Allen et al. 1987 Table 9-1 p.96 (row named by source)"",""Engineering adaptation: source MIN/INHERENT ratio scaled to Qlatt duration basis""]}","expand_diphthongs; expand_diphthongs; non_word_initial_consonant_shortening; word_medial_consonant_shortening; unstressed_consonant_shortening; cluster_shortening; duration_cap; duration_floor_default"
"Layer, lawyer, royal, rural.","segment_2:expand_rhotic_vowels:0","ER","0","vowel","42","17.64","9.333333333333334","130","130","0","{""source"":""ER"",""minimum_ms"":80,""inherent_ms"":180,""unstressed_scale"":0.5,""citations"":[""Allen et al. 1987 Table 9-1 p.96 (row named by source)"",""Engineering adaptation: source MIN/INHERENT ratio scaled to Qlatt duration basis""]}","expand_rhotic_vowels; expand_rhotic_vowels; stress_duration; accent_vowel_lengthening; polysyllabic_shortening; vowel_shortening; pre_boundary_lengthening; duration_cap; hertz_nucleus_timing; duration_floor_default"
"Layer, lawyer, royal, rural.","segment_2:expand_rhotic_vowels:1","R","0","liquid","28","30","30","30","30","0","{""source"":""RR"",""minimum_ms"":30,""inherent_ms"":80,""unstressed_scale"":0.5,""citations"":[""Allen et al. 1987 Table 9-1 p.96 (row named by source)"",""Engineering adaptation: source MIN/INHERENT ratio scaled to Qlatt duration basis""]}","expand_rhotic_vowels; expand_rhotic_vowels; non_word_initial_consonant_shortening; unstressed_consonant_shortening; cluster_shortening; pre_boundary_lengthening; duration_cap; duration_floor_default"
"Layer, lawyer, royal, rural.","segment_3","SIL","","silence","100","60","0","150","150","0","{""source"":""uncompressed"",""minimum_ms"":0,""inherent_ms"":1,""unstressed_scale"":0.5,""citations"":[""Allen et al. 1987 Table 9-1 p.96 (row named by source)"",""Engineering adaptation: source MIN/INHERENT ratio scaled to Qlatt duration basis"",""Engineering policy: silence and generated release/aspiration use explicit timing and timeline safety floors""]}","inventory_materialization; punctuation_pause; duration_floor_default"
"Layer, lawyer, royal, rural.","segment_4","L","","liquid","80","48","40","81","82","1","{""source"":""LL"",""minimum_ms"":40,""inherent_ms"":80,""unstressed_scale"":0.5,""citations"":[""Allen et al. 1987 Table 9-1 p.96 (row named by source)"",""Engineering adaptation: source MIN/INHERENT ratio scaled to Qlatt duration basis""]}","inventory_materialization; word_initial_lengthening; cluster_shortening; duration_cap; duration_floor_default"
"Layer, lawyer, royal, rural.","segment_5","AO","1","vowel","160","67.2","66.66666666666667","185","185","0","{""source"":""AO"",""minimum_ms"":100,""inherent_ms"":240,""unstressed_scale"":0.5,""citations"":[""Allen et al. 1987 Table 9-1 p.96 (row named by source)"",""Engineering adaptation: source MIN/INHERENT ratio scaled to Qlatt duration basis""]}","inventory_materialization; stress_duration; accent_vowel_lengthening; polysyllabic_shortening; vowel_shortening; duration_cap; duration_floor_default"
"Layer, lawyer, royal, rural.","segment_6","Y","","glide","80","48","40","70","67","-3","{""source"":""YY"",""minimum_ms"":40,""inherent_ms"":80,""unstressed_scale"":0.5,""citations"":[""Allen et al. 1987 Table 9-1 p.96 (row named by source)"",""Engineering adaptation: source MIN/INHERENT ratio scaled to Qlatt duration basis""]}","inventory_materialization; non_word_initial_consonant_shortening; word_medial_consonant_shortening; cluster_shortening; pre_boundary_lengthening; duration_cap; duration_floor_default"
"Layer, lawyer, royal, rural.","segment_7:expand_rhotic_vowels:0","ER","0","vowel","42","17.64","9.333333333333334","130","130","0","{""source"":""ER"",""minimum_ms"":80,""inherent_ms"":180,""unstressed_scale"":0.5,""citations"":[""Allen et al. 1987 Table 9-1 p.96 (row named by source)"",""Engineering adaptation: source MIN/INHERENT ratio scaled to Qlatt duration basis""]}","expand_rhotic_vowels; expand_rhotic_vowels; stress_duration; accent_vowel_lengthening; polysyllabic_shortening; vowel_shortening; pre_boundary_lengthening; duration_cap; hertz_nucleus_timing; duration_floor_default"
"Layer, lawyer, royal, rural.","segment_7:expand_rhotic_vowels:1","R","0","liquid","28","30","30","30","30","0","{""source"":""RR"",""minimum_ms"":30,""inherent_ms"":80,""unstressed_scale"":0.5,""citations"":[""Allen et al. 1987 Table 9-1 p.96 (row named by source)"",""Engineering adaptation: source MIN/INHERENT ratio scaled to Qlatt duration basis""]}","expand_rhotic_vowels; expand_rhotic_vowels; non_word_initial_consonant_shortening; unstressed_consonant_shortening; cluster_shortening; pre_boundary_lengthening; duration_cap; duration_floor_default"
"Layer, lawyer, royal, rural.","segment_8","SIL","","silence","100","60","0","150","150","0","{""source"":""uncompressed"",""minimum_ms"":0,""inherent_ms"":1,""unstressed_scale"":0.5,""citations"":[""Allen et al. 1987 Table 9-1 p.96 (row named by source)"",""Engineering adaptation: source MIN/INHERENT ratio scaled to Qlatt duration basis"",""Engineering policy: silence and generated release/aspiration use explicit timing and timeline safety floors""]}","inventory_materialization; punctuation_pause; duration_floor_default"
"Layer, lawyer, royal, rural.","segment_9","R","","liquid","90","54","33.75","92","93","1","{""source"":""RR"",""minimum_ms"":30,""inherent_ms"":80,""unstressed_scale"":0.5,""citations"":[""Allen et al. 1987 Table 9-1 p.96 (row named by source)"",""Engineering adaptation: source MIN/INHERENT ratio scaled to Qlatt duration basis""]}","inventory_materialization; word_initial_lengthening; cluster_shortening; duration_cap; duration_floor_default"
"Layer, lawyer, royal, rural.","segment_10:expand_diphthongs:0","AO1","1","vowel","160","67.2","42.5","111","118","7","{""source"":""AO"",""minimum_ms"":100,""inherent_ms"":240,""unstressed_scale"":0.5,""citations"":[""Allen et al. 1987 Table 9-1 p.96 (row named by source)"",""Engineering adaptation: source MIN/INHERENT ratio scaled to Qlatt duration basis""]}","expand_diphthongs; expand_diphthongs; stress_duration; accent_vowel_lengthening; polysyllabic_shortening; vowel_shortening; duration_cap; duration_floor_default"
"Layer, lawyer, royal, rural.","segment_10:expand_diphthongs:1","Y","0","glide","80","48","17","57","39","-18","{""source"":""YY"",""minimum_ms"":40,""inherent_ms"":80,""unstressed_scale"":0.5,""citations"":[""Allen et al. 1987 Table 9-1 p.96 (row named by source)"",""Engineering adaptation: source MIN/INHERENT ratio scaled to Qlatt duration basis""]}","expand_diphthongs; expand_diphthongs; non_word_initial_consonant_shortening; word_medial_consonant_shortening; unstressed_consonant_shortening; cluster_shortening; duration_cap; duration_floor_default"
"Layer, lawyer, royal, rural.","segment_11","AH","0","vowel","50","21","10.714285714285714","46","45","-1","{""source"":""AH"",""minimum_ms"":60,""inherent_ms"":140,""unstressed_scale"":0.5,""citations"":[""Allen et al. 1987 Table 9-1 p.96 (row named by source)"",""Engineering adaptation: source MIN/INHERENT ratio scaled to Qlatt duration basis""]}","inventory_materialization; stress_duration; accent_vowel_lengthening; polysyllabic_shortening; vowel_shortening; pre_boundary_lengthening; duration_cap; duration_floor_default"
"Layer, lawyer, royal, rural.","segment_12","L","","liquid","80","48","40","67","65","-2","{""source"":""LL"",""minimum_ms"":40,""inherent_ms"":80,""unstressed_scale"":0.5,""citations"":[""Allen et al. 1987 Table 9-1 p.96 (row named by source)"",""Engineering adaptation: source MIN/INHERENT ratio scaled to Qlatt duration basis""]}","inventory_materialization; non_word_initial_consonant_shortening; cluster_shortening; pre_boundary_lengthening; duration_cap; duration_floor_default"
"Layer, lawyer, royal, rural.","segment_13","SIL","","silence","100","60","0","150","150","0","{""source"":""uncompressed"",""minimum_ms"":0,""inherent_ms"":1,""unstressed_scale"":0.5,""citations"":[""Allen et al. 1987 Table 9-1 p.96 (row named by source)"",""Engineering adaptation: source MIN/INHERENT ratio scaled to Qlatt duration basis"",""Engineering policy: silence and generated release/aspiration use explicit timing and timeline safety floors""]}","inventory_materialization; punctuation_pause; duration_floor_default"
"Layer, lawyer, royal, rural.","segment_14","R","","liquid","90","54","33.75","92","93","1","{""source"":""RR"",""minimum_ms"":30,""inherent_ms"":80,""unstressed_scale"":0.5,""citations"":[""Allen et al. 1987 Table 9-1 p.96 (row named by source)"",""Engineering adaptation: source MIN/INHERENT ratio scaled to Qlatt duration basis""]}","inventory_materialization; word_initial_lengthening; cluster_shortening; duration_cap; duration_floor_default"
"Layer, lawyer, royal, rural.","segment_15","UH","1","vowel","110","46.199999999999996","41.25","127","128","1","{""source"":""UH"",""minimum_ms"":60,""inherent_ms"":160,""unstressed_scale"":0.5,""citations"":[""Allen et al. 1987 Table 9-1 p.96 (row named by source)"",""Engineering adaptation: source MIN/INHERENT ratio scaled to Qlatt duration basis""]}","inventory_materialization; stress_duration; accent_vowel_lengthening; polysyllabic_shortening; vowel_shortening; duration_cap; duration_floor_default"
"Layer, lawyer, royal, rural.","segment_16","R","","liquid","90","54","33.75","81","78","-3","{""source"":""RR"",""minimum_ms"":30,""inherent_ms"":80,""unstressed_scale"":0.5,""citations"":[""Allen et al. 1987 Table 9-1 p.96 (row named by source)"",""Engineering adaptation: source MIN/INHERENT ratio scaled to Qlatt duration basis""]}","inventory_materialization; non_word_initial_consonant_shortening; word_medial_consonant_shortening; cluster_shortening; pre_boundary_lengthening; duration_cap; duration_floor_default"
"Layer, lawyer, royal, rural.","segment_17","AH","0","vowel","50","21","10.714285714285714","50","50","0","{""source"":""AH"",""minimum_ms"":60,""inherent_ms"":140,""unstressed_scale"":0.5,""citations"":[""Allen et al. 1987 Table 9-1 p.96 (row named by source)"",""Engineering adaptation: source MIN/INHERENT ratio scaled to Qlatt duration basis""]}","inventory_materialization; stress_duration; accent_vowel_lengthening; polysyllabic_shortening; vowel_shortening; pre_boundary_lengthening; duration_cap; duration_floor_default"
"Layer, lawyer, royal, rural.","segment_18","L","","liquid","80","48","40","67","65","-2","{""source"":""LL"",""minimum_ms"":40,""inherent_ms"":80,""unstressed_scale"":0.5,""citations"":[""Allen et al. 1987 Table 9-1 p.96 (row named by source)"",""Engineering adaptation: source MIN/INHERENT ratio scaled to Qlatt duration basis""]}","inventory_materialization; non_word_initial_consonant_shortening; cluster_shortening; pre_boundary_lengthening; duration_cap; duration_floor_default"
"Layer, lawyer, royal, rural.","segment_19","SIL","","silence","100","60","0","300","300","0","{""source"":""uncompressed"",""minimum_ms"":0,""inherent_ms"":1,""unstressed_scale"":0.5,""citations"":[""Allen et al. 1987 Table 9-1 p.96 (row named by source)"",""Engineering adaptation: source MIN/INHERENT ratio scaled to Qlatt duration basis"",""Engineering policy: silence and generated release/aspiration use explicit timing and timeline safety floors""]}","inventory_materialization; punctuation_pause; duration_floor_default"
"Nina mumbled many minimal numbers.","segment_0","N","","nasal","70","42","58.333333333333336","72","70","-2","{""source"":""NN"",""minimum_ms"":50,""inherent_ms"":60,""unstressed_scale"":0.5,""citations"":[""Allen et al. 1987 Table 9-1 p.96 (row named by source)"",""Engineering adaptation: source MIN/INHERENT ratio scaled to Qlatt duration basis""]}","inventory_materialization; word_initial_lengthening; cluster_shortening; duration_cap; duration_floor_default"
"Nina mumbled many minimal numbers.","segment_1","IY","1","vowel","150","63","53.225806451612904","149","149","0","{""source"":""IY"",""minimum_ms"":55,""inherent_ms"":155,""unstressed_scale"":0.5,""citations"":[""Allen et al. 1987 Table 9-1 p.96 (row named by source)"",""Engineering adaptation: source MIN/INHERENT ratio scaled to Qlatt duration basis""]}","inventory_materialization; stress_duration; accent_vowel_lengthening; polysyllabic_shortening; vowel_shortening; duration_cap; duration_floor_default"
"Nina mumbled many minimal numbers.","segment_2","N","","nasal","70","42","58.333333333333336","57","65","8","{""source"":""NN"",""minimum_ms"":50,""inherent_ms"":60,""unstressed_scale"":0.5,""citations"":[""Allen et al. 1987 Table 9-1 p.96 (row named by source)"",""Engineering adaptation: source MIN/INHERENT ratio scaled to Qlatt duration basis""]}","inventory_materialization; non_word_initial_consonant_shortening; word_medial_consonant_shortening; cluster_shortening; duration_cap; duration_floor_default"
"Nina mumbled many minimal numbers.","segment_3","AH","0","vowel","50","21","10.714285714285714","37","33","-4","{""source"":""AH"",""minimum_ms"":60,""inherent_ms"":140,""unstressed_scale"":0.5,""citations"":[""Allen et al. 1987 Table 9-1 p.96 (row named by source)"",""Engineering adaptation: source MIN/INHERENT ratio scaled to Qlatt duration basis""]}","inventory_materialization; stress_duration; accent_vowel_lengthening; polysyllabic_shortening; vowel_shortening; pre_boundary_lengthening; duration_cap; duration_floor_default"
"Nina mumbled many minimal numbers.","segment_4","M","","nasal","80","48","68.57142857142857","81","80","-1","{""source"":""MM"",""minimum_ms"":60,""inherent_ms"":70,""unstressed_scale"":0.5,""citations"":[""Allen et al. 1987 Table 9-1 p.96 (row named by source)"",""Engineering adaptation: source MIN/INHERENT ratio scaled to Qlatt duration basis""]}","inventory_materialization; word_initial_lengthening; cluster_shortening; duration_cap; duration_floor_default"
"Nina mumbled many minimal numbers.","segment_5","AH","1","vowel","100","42","42.857142857142854","99","99","0","{""source"":""AH"",""minimum_ms"":60,""inherent_ms"":140,""unstressed_scale"":0.5,""citations"":[""Allen et al. 1987 Table 9-1 p.96 (row named by source)"",""Engineering adaptation: source MIN/INHERENT ratio scaled to Qlatt duration basis""]}","inventory_materialization; stress_duration; accent_vowel_lengthening; polysyllabic_shortening; vowel_shortening; duration_cap; duration_floor_default"
"Nina mumbled many minimal numbers.","segment_6","M","","nasal","80","48","68.57142857142857","65","75","10","{""source"":""MM"",""minimum_ms"":60,""inherent_ms"":70,""unstressed_scale"":0.5,""citations"":[""Allen et al. 1987 Table 9-1 p.96 (row named by source)"",""Engineering adaptation: source MIN/INHERENT ratio scaled to Qlatt duration basis""]}","inventory_materialization; non_word_initial_consonant_shortening; word_medial_consonant_shortening; cluster_shortening; duration_cap; duration_floor_default"
"Nina mumbled many minimal numbers.","segment_7:remap_stops_to_closures:0","B_CL","","stop_closure","45","27","31.764705882352942","37","39","2","{""source"":""BB"",""minimum_ms"":60,""inherent_ms"":85,""unstressed_scale"":0.5,""citations"":[""Allen et al. 1987 Table 9-1 p.96 (row named by source)"",""Engineering adaptation: source MIN/INHERENT ratio scaled to Qlatt duration basis""]}","remap_stops_to_closures; remap_stops_to_closures; non_word_initial_consonant_shortening; word_medial_consonant_shortening; cluster_shortening; duration_cap; duration_floor_default"
"Nina mumbled many minimal numbers.","segment_7:remap_stops_to_closures:0:insert_mapped_voiced_release:0","B_REL","","stop_release","5","0","0","5","5","0","{""source"":""uncompressed"",""minimum_ms"":0,""inherent_ms"":1,""unstressed_scale"":0.5,""citations"":[""Allen et al. 1987 Table 9-1 p.96 (row named by source)"",""Engineering adaptation: source MIN/INHERENT ratio scaled to Qlatt duration basis"",""Engineering policy: silence and generated release/aspiration use explicit timing and timeline safety floors""]}","insert_mapped_voiced_release; insert_mapped_voiced_release; cluster_shortening; duration_cap; lock_stop_release_duration; duration_floor_stop_release"
"Nina mumbled many minimal numbers.","segment_7:remap_stops_to_closures:0:insert_mapped_voiced_release:1","AH","0","vowel","50","21","10.714285714285714","40","37","-3","{""source"":""AH"",""minimum_ms"":60,""inherent_ms"":140,""unstressed_scale"":0.5,""citations"":[""Allen et al. 1987 Table 9-1 p.96 (row named by source)"",""Engineering adaptation: source MIN/INHERENT ratio scaled to Qlatt duration basis""]}","insert_mapped_voiced_release; stress_duration; accent_vowel_lengthening; polysyllabic_shortening; vowel_shortening; duration_cap; duration_floor_default"
"Nina mumbled many minimal numbers.","segment_9","L","","liquid","80","48","40","65","61","-4","{""source"":""LL"",""minimum_ms"":40,""inherent_ms"":80,""unstressed_scale"":0.5,""citations"":[""Allen et al. 1987 Table 9-1 p.96 (row named by source)"",""Engineering adaptation: source MIN/INHERENT ratio scaled to Qlatt duration basis""]}","inventory_materialization; non_word_initial_consonant_shortening; word_medial_consonant_shortening; cluster_shortening; pre_boundary_lengthening; duration_cap; duration_floor_default"
"Nina mumbled many minimal numbers.","segment_10:remap_stops_to_closures:0","D_CL","","stop_closure","50","30","33.333333333333336","39","41","2","{""source"":""DD"",""minimum_ms"":50,""inherent_ms"":75,""unstressed_scale"":0.5,""citations"":[""Allen et al. 1987 Table 9-1 p.96 (row named by source)"",""Engineering adaptation: source MIN/INHERENT ratio scaled to Qlatt duration basis""]}","remap_stops_to_closures; remap_stops_to_closures; non_word_initial_consonant_shortening; word_medial_consonant_shortening; cluster_shortening; pre_boundary_lengthening; duration_cap; duration_floor_default"
"Nina mumbled many minimal numbers.","segment_10:remap_stops_to_closures:0:insert_mapped_voiced_release:0","D_REL","","stop_release","10","0","0","10","10","0","{""source"":""uncompressed"",""minimum_ms"":0,""inherent_ms"":1,""unstressed_scale"":0.5,""citations"":[""Allen et al. 1987 Table 9-1 p.96 (row named by source)"",""Engineering adaptation: source MIN/INHERENT ratio scaled to Qlatt duration basis"",""Engineering policy: silence and generated release/aspiration use explicit timing and timeline safety floors""]}","insert_mapped_voiced_release; insert_mapped_voiced_release; cluster_shortening; duration_cap; lock_stop_release_duration; duration_floor_stop_release"
"Nina mumbled many minimal numbers.","segment_10:remap_stops_to_closures:0:insert_mapped_voiced_release:1","M","","nasal","80","48","68.57142857142857","78","79","1","{""source"":""MM"",""minimum_ms"":60,""inherent_ms"":70,""unstressed_scale"":0.5,""citations"":[""Allen et al. 1987 Table 9-1 p.96 (row named by source)"",""Engineering adaptation: source MIN/INHERENT ratio scaled to Qlatt duration basis""]}","insert_mapped_voiced_release; word_initial_lengthening; cluster_shortening; duration_cap; duration_floor_default"
"Nina mumbled many minimal numbers.","segment_12","EH","1","vowel","120","50.4","56","120","119","-1","{""source"":""EH"",""minimum_ms"":70,""inherent_ms"":150,""unstressed_scale"":0.5,""citations"":[""Allen et al. 1987 Table 9-1 p.96 (row named by source)"",""Engineering adaptation: source MIN/INHERENT ratio scaled to Qlatt duration basis""]}","inventory_materialization; stress_duration; accent_vowel_lengthening; polysyllabic_shortening; vowel_shortening; duration_cap; duration_floor_default"
"Nina mumbled many minimal numbers.","segment_13","N","","nasal","70","42","58.333333333333336","57","65","8","{""source"":""NN"",""minimum_ms"":50,""inherent_ms"":60,""unstressed_scale"":0.5,""citations"":[""Allen et al. 1987 Table 9-1 p.96 (row named by source)"",""Engineering adaptation: source MIN/INHERENT ratio scaled to Qlatt duration basis""]}","inventory_materialization; non_word_initial_consonant_shortening; word_medial_consonant_shortening; cluster_shortening; duration_cap; duration_floor_default"
"Nina mumbled many minimal numbers.","segment_14","IY","0","vowel","70","29.4","12.419354838709678","52","44","-8","{""source"":""IY"",""minimum_ms"":55,""inherent_ms"":155,""unstressed_scale"":0.5,""citations"":[""Allen et al. 1987 Table 9-1 p.96 (row named by source)"",""Engineering adaptation: source MIN/INHERENT ratio scaled to Qlatt duration basis""]}","inventory_materialization; stress_duration; accent_vowel_lengthening; polysyllabic_shortening; vowel_shortening; pre_boundary_lengthening; duration_cap; duration_floor_default"
"Nina mumbled many minimal numbers.","segment_15","M","","nasal","80","48","68.57142857142857","81","80","-1","{""source"":""MM"",""minimum_ms"":60,""inherent_ms"":70,""unstressed_scale"":0.5,""citations"":[""Allen et al. 1987 Table 9-1 p.96 (row named by source)"",""Engineering adaptation: source MIN/INHERENT ratio scaled to Qlatt duration basis""]}","inventory_materialization; word_initial_lengthening; cluster_shortening; duration_cap; duration_floor_default"
"Nina mumbled many minimal numbers.","segment_16","IH","1","vowel","100","42","29.62962962962963","99","100","1","{""source"":""IH"",""minimum_ms"":40,""inherent_ms"":135,""unstressed_scale"":0.5,""citations"":[""Allen et al. 1987 Table 9-1 p.96 (row named by source)"",""Engineering adaptation: source MIN/INHERENT ratio scaled to Qlatt duration basis""]}","inventory_materialization; stress_duration; accent_vowel_lengthening; polysyllabic_shortening; vowel_shortening; duration_cap; duration_floor_default"
"Nina mumbled many minimal numbers.","segment_17","N","","nasal","70","42","58.333333333333336","57","65","8","{""source"":""NN"",""minimum_ms"":50,""inherent_ms"":60,""unstressed_scale"":0.5,""citations"":[""Allen et al. 1987 Table 9-1 p.96 (row named by source)"",""Engineering adaptation: source MIN/INHERENT ratio scaled to Qlatt duration basis""]}","inventory_materialization; non_word_initial_consonant_shortening; word_medial_consonant_shortening; cluster_shortening; duration_cap; duration_floor_default"
"Nina mumbled many minimal numbers.","segment_18","AH","0","vowel","50","21","10.714285714285714","37","33","-4","{""source"":""AH"",""minimum_ms"":60,""inherent_ms"":140,""unstressed_scale"":0.5,""citations"":[""Allen et al. 1987 Table 9-1 p.96 (row named by source)"",""Engineering adaptation: source MIN/INHERENT ratio scaled to Qlatt duration basis""]}","inventory_materialization; stress_duration; accent_vowel_lengthening; polysyllabic_shortening; vowel_shortening; duration_cap; duration_floor_default"
"Nina mumbled many minimal numbers.","segment_19","M","","nasal","80","48","68.57142857142857","65","75","10","{""source"":""MM"",""minimum_ms"":60,""inherent_ms"":70,""unstressed_scale"":0.5,""citations"":[""Allen et al. 1987 Table 9-1 p.96 (row named by source)"",""Engineering adaptation: source MIN/INHERENT ratio scaled to Qlatt duration basis""]}","inventory_materialization; non_word_initial_consonant_shortening; word_medial_consonant_shortening; cluster_shortening; duration_cap; duration_floor_default"
"Nina mumbled many minimal numbers.","segment_20","AH","0","vowel","50","21","10.714285714285714","40","37","-3","{""source"":""AH"",""minimum_ms"":60,""inherent_ms"":140,""unstressed_scale"":0.5,""citations"":[""Allen et al. 1987 Table 9-1 p.96 (row named by source)"",""Engineering adaptation: source MIN/INHERENT ratio scaled to Qlatt duration basis""]}","inventory_materialization; stress_duration; accent_vowel_lengthening; polysyllabic_shortening; vowel_shortening; pre_boundary_lengthening; duration_cap; duration_floor_default"
"Nina mumbled many minimal numbers.","segment_21","L","","liquid","80","48","40","67","65","-2","{""source"":""LL"",""minimum_ms"":40,""inherent_ms"":80,""unstressed_scale"":0.5,""citations"":[""Allen et al. 1987 Table 9-1 p.96 (row named by source)"",""Engineering adaptation: source MIN/INHERENT ratio scaled to Qlatt duration basis""]}","inventory_materialization; non_word_initial_consonant_shortening; cluster_shortening; pre_boundary_lengthening; duration_cap; duration_floor_default"
"Nina mumbled many minimal numbers.","segment_22","N","","nasal","70","42","58.333333333333336","72","70","-2","{""source"":""NN"",""minimum_ms"":50,""inherent_ms"":60,""unstressed_scale"":0.5,""citations"":[""Allen et al. 1987 Table 9-1 p.96 (row named by source)"",""Engineering adaptation: source MIN/INHERENT ratio scaled to Qlatt duration basis""]}","inventory_materialization; word_initial_lengthening; cluster_shortening; duration_cap; duration_floor_default"
"Nina mumbled many minimal numbers.","segment_23","AH","1","vowel","100","42","42.857142857142854","104","105","1","{""source"":""AH"",""minimum_ms"":60,""inherent_ms"":140,""unstressed_scale"":0.5,""citations"":[""Allen et al. 1987 Table 9-1 p.96 (row named by source)"",""Engineering adaptation: source MIN/INHERENT ratio scaled to Qlatt duration basis""]}","inventory_materialization; stress_duration; accent_vowel_lengthening; polysyllabic_shortening; vowel_shortening; duration_cap; duration_floor_default"
"Nina mumbled many minimal numbers.","segment_24","M","","nasal","80","48","68.57142857142857","65","75","10","{""source"":""MM"",""minimum_ms"":60,""inherent_ms"":70,""unstressed_scale"":0.5,""citations"":[""Allen et al. 1987 Table 9-1 p.96 (row named by source)"",""Engineering adaptation: source MIN/INHERENT ratio scaled to Qlatt duration basis""]}","inventory_materialization; non_word_initial_consonant_shortening; word_medial_consonant_shortening; cluster_shortening; duration_cap; duration_floor_default"
"Nina mumbled many minimal numbers.","segment_25:remap_stops_to_closures:0","B_CL","","stop_closure","45","27","31.764705882352942","37","39","2","{""source"":""BB"",""minimum_ms"":60,""inherent_ms"":85,""unstressed_scale"":0.5,""citations"":[""Allen et al. 1987 Table 9-1 p.96 (row named by source)"",""Engineering adaptation: source MIN/INHERENT ratio scaled to Qlatt duration basis""]}","remap_stops_to_closures; remap_stops_to_closures; non_word_initial_consonant_shortening; word_medial_consonant_shortening; cluster_shortening; duration_cap; duration_floor_default"
"Nina mumbled many minimal numbers.","segment_25:remap_stops_to_closures:0:insert_mapped_voiced_release:0","B_REL","","stop_release","5","0","0","5","5","0","{""source"":""uncompressed"",""minimum_ms"":0,""inherent_ms"":1,""unstressed_scale"":0.5,""citations"":[""Allen et al. 1987 Table 9-1 p.96 (row named by source)"",""Engineering adaptation: source MIN/INHERENT ratio scaled to Qlatt duration basis"",""Engineering policy: silence and generated release/aspiration use explicit timing and timeline safety floors""]}","insert_mapped_voiced_release; insert_mapped_voiced_release; cluster_shortening; duration_cap; lock_stop_release_duration; duration_floor_stop_release"
"Nina mumbled many minimal numbers.","segment_25:remap_stops_to_closures:0:insert_mapped_voiced_release:1","ER","0","vowel","42","17.64","9.333333333333334","130","130","0","{""source"":""ER"",""minimum_ms"":80,""inherent_ms"":180,""unstressed_scale"":0.5,""citations"":[""Allen et al. 1987 Table 9-1 p.96 (row named by source)"",""Engineering adaptation: source MIN/INHERENT ratio scaled to Qlatt duration basis""]}","insert_mapped_voiced_release; stress_duration; accent_vowel_lengthening; polysyllabic_shortening; vowel_shortening; duration_cap; hertz_nucleus_timing; duration_floor_default"
"Nina mumbled many minimal numbers.","segment_26:expand_rhotic_vowels:1","R","0","liquid","28","30","30","30","30","0","{""source"":""RR"",""minimum_ms"":30,""inherent_ms"":80,""unstressed_scale"":0.5,""citations"":[""Allen et al. 1987 Table 9-1 p.96 (row named by source)"",""Engineering adaptation: source MIN/INHERENT ratio scaled to Qlatt duration basis""]}","expand_rhotic_vowels; expand_rhotic_vowels; non_word_initial_consonant_shortening; word_medial_consonant_shortening; unstressed_consonant_shortening; cluster_shortening; duration_cap; duration_floor_default"
"Nina mumbled many minimal numbers.","segment_27","Z","","fricative","90","54","48","76","74","-2","{""source"":""ZZ"",""minimum_ms"":40,""inherent_ms"":75,""unstressed_scale"":0.5,""citations"":[""Allen et al. 1987 Table 9-1 p.96 (row named by source)"",""Engineering adaptation: source MIN/INHERENT ratio scaled to Qlatt duration basis""]}","inventory_materialization; non_word_initial_consonant_shortening; cluster_shortening; pre_boundary_lengthening; duration_cap; fricative_minimum_duration; duration_floor_default"
"Nina mumbled many minimal numbers.","segment_28","SIL","","silence","100","60","0","300","300","0","{""source"":""uncompressed"",""minimum_ms"":0,""inherent_ms"":1,""unstressed_scale"":0.5,""citations"":[""Allen et al. 1987 Table 9-1 p.96 (row named by source)"",""Engineering adaptation: source MIN/INHERENT ratio scaled to Qlatt duration basis"",""Engineering policy: silence and generated release/aspiration use explicit timing and timeline safety floors""]}","inventory_materialization; punctuation_pause; duration_floor_default"
"Fresh frost forms on five fields.","segment_0","F","","fricative","90","54","72","92","91","-1","{""source"":""FF"",""minimum_ms"":80,""inherent_ms"":100,""unstressed_scale"":0.5,""citations"":[""Allen et al. 1987 Table 9-1 p.96 (row named by source)"",""Engineering adaptation: source MIN/INHERENT ratio scaled to Qlatt duration basis""]}","inventory_materialization; word_initial_lengthening; cluster_shortening; duration_cap; fricative_minimum_duration; duration_floor_default"
"Fresh frost forms on five fields.","segment_1","R","","liquid","90","54","33.75","70","60","-10","{""source"":""RR"",""minimum_ms"":30,""inherent_ms"":80,""unstressed_scale"":0.5,""citations"":[""Allen et al. 1987 Table 9-1 p.96 (row named by source)"",""Engineering adaptation: source MIN/INHERENT ratio scaled to Qlatt duration basis""]}","inventory_materialization; non_word_initial_consonant_shortening; word_medial_consonant_shortening; cluster_shortening; duration_cap; duration_floor_default"
"Fresh frost forms on five fields.","segment_2","EH","1","vowel","120","50.4","56","155","151","-4","{""source"":""EH"",""minimum_ms"":70,""inherent_ms"":150,""unstressed_scale"":0.5,""citations"":[""Allen et al. 1987 Table 9-1 p.96 (row named by source)"",""Engineering adaptation: source MIN/INHERENT ratio scaled to Qlatt duration basis""]}","inventory_materialization; stress_duration; accent_vowel_lengthening; vowel_shortening; pre_boundary_lengthening; duration_cap; duration_floor_default"
"Fresh frost forms on five fields.","segment_3","SH","","fricative","100","60","76.19047619047619","85","91","6","{""source"":""SH"",""minimum_ms"":80,""inherent_ms"":105,""unstressed_scale"":0.5,""citations"":[""Allen et al. 1987 Table 9-1 p.96 (row named by source)"",""Engineering adaptation: source MIN/INHERENT ratio scaled to Qlatt duration basis""]}","inventory_materialization; non_word_initial_consonant_shortening; cluster_shortening; pre_boundary_lengthening; duration_cap; fricative_minimum_duration; duration_floor_default"
"Fresh frost forms on five fields.","segment_4","F","","fricative","90","54","72","92","91","-1","{""source"":""FF"",""minimum_ms"":80,""inherent_ms"":100,""unstressed_scale"":0.5,""citations"":[""Allen et al. 1987 Table 9-1 p.96 (row named by source)"",""Engineering adaptation: source MIN/INHERENT ratio scaled to Qlatt duration basis""]}","inventory_materialization; word_initial_lengthening; cluster_shortening; duration_cap; fricative_minimum_duration; duration_floor_default"
"Fresh frost forms on five fields.","segment_5","R","","liquid","90","54","33.75","70","60","-10","{""source"":""RR"",""minimum_ms"":30,""inherent_ms"":80,""unstressed_scale"":0.5,""citations"":[""Allen et al. 1987 Table 9-1 p.96 (row named by source)"",""Engineering adaptation: source MIN/INHERENT ratio scaled to Qlatt duration basis""]}","inventory_materialization; non_word_initial_consonant_shortening; word_medial_consonant_shortening; cluster_shortening; duration_cap; duration_floor_default"
"Fresh frost forms on five fields.","segment_6","AO","1","vowel","160","67.2","66.66666666666667","206","206","0","{""source"":""AO"",""minimum_ms"":100,""inherent_ms"":240,""unstressed_scale"":0.5,""citations"":[""Allen et al. 1987 Table 9-1 p.96 (row named by source)"",""Engineering adaptation: source MIN/INHERENT ratio scaled to Qlatt duration basis""]}","inventory_materialization; stress_duration; accent_vowel_lengthening; vowel_shortening; pre_boundary_lengthening; duration_cap; duration_floor_default"
"Fresh frost forms on five fields.","segment_7","S","","fricative","100","60","57.142857142857146","81","80","-1","{""source"":""SS"",""minimum_ms"":60,""inherent_ms"":105,""unstressed_scale"":0.5,""citations"":[""Allen et al. 1987 Table 9-1 p.96 (row named by source)"",""Engineering adaptation: source MIN/INHERENT ratio scaled to Qlatt duration basis""]}","inventory_materialization; non_word_initial_consonant_shortening; word_medial_consonant_shortening; cluster_shortening; pre_boundary_lengthening; duration_cap; fricative_minimum_duration; duration_floor_default"
"Fresh frost forms on five fields.","segment_8:remap_stops_to_closures:0","T_CL","","stop_closure","50","30","33.333333333333336","39","41","2","{""source"":""TT"",""minimum_ms"":50,""inherent_ms"":75,""unstressed_scale"":0.5,""citations"":[""Allen et al. 1987 Table 9-1 p.96 (row named by source)"",""Engineering adaptation: source MIN/INHERENT ratio scaled to Qlatt duration basis""]}","remap_stops_to_closures; remap_stops_to_closures; non_word_initial_consonant_shortening; word_medial_consonant_shortening; cluster_shortening; duration_cap; duration_floor_default"
"Fresh frost forms on five fields.","segment_8:remap_stops_to_closures:0:insert_mapped_voiceless_release_and_aspiration:0","T_REL","","stop_release","7.816901408450704","0","0","8","8","0","{""source"":""uncompressed"",""minimum_ms"":0,""inherent_ms"":1,""unstressed_scale"":0.5,""citations"":[""Allen et al. 1987 Table 9-1 p.96 (row named by source)"",""Engineering adaptation: source MIN/INHERENT ratio scaled to Qlatt duration basis"",""Engineering policy: silence and generated release/aspiration use explicit timing and timeline safety floors""]}","insert_mapped_voiceless_release_and_aspiration; insert_mapped_voiceless_release_and_aspiration; cluster_shortening; duration_cap; lock_stop_release_duration; duration_floor_stop_release"
"Fresh frost forms on five fields.","segment_8:remap_stops_to_closures:0:insert_mapped_voiceless_release_and_aspiration:1","T_ASP","","stop_aspiration","29.183098591549296","0","0","10","10","0","{""source"":""uncompressed"",""minimum_ms"":0,""inherent_ms"":1,""unstressed_scale"":0.5,""citations"":[""Allen et al. 1987 Table 9-1 p.96 (row named by source)"",""Engineering adaptation: source MIN/INHERENT ratio scaled to Qlatt duration basis"",""Engineering policy: silence and generated release/aspiration use explicit timing and timeline safety floors""]}","insert_mapped_voiceless_release_and_aspiration; insert_mapped_voiceless_release_and_aspiration; cluster_shortening; duration_cap; lock_stop_release_duration; s_cluster_aspiration_reduction; duration_floor_stop_release"
"Fresh frost forms on five fields.","segment_8:remap_stops_to_closures:0:insert_mapped_voiceless_release_and_aspiration:2","F","","fricative","90","54","72","88","89","1","{""source"":""FF"",""minimum_ms"":80,""inherent_ms"":100,""unstressed_scale"":0.5,""citations"":[""Allen et al. 1987 Table 9-1 p.96 (row named by source)"",""Engineering adaptation: source MIN/INHERENT ratio scaled to Qlatt duration basis""]}","insert_mapped_voiceless_release_and_aspiration; word_initial_lengthening; cluster_shortening; duration_cap; fricative_minimum_duration; duration_floor_default"
"Fresh frost forms on five fields.","segment_10","AO","1","vowel","160","67.2","66.66666666666667","206","206","0","{""source"":""AO"",""minimum_ms"":100,""inherent_ms"":240,""unstressed_scale"":0.5,""citations"":[""Allen et al. 1987 Table 9-1 p.96 (row named by source)"",""Engineering adaptation: source MIN/INHERENT ratio scaled to Qlatt duration basis""]}","inventory_materialization; stress_duration; accent_vowel_lengthening; vowel_shortening; pre_boundary_lengthening; duration_cap; duration_floor_default"
"Fresh frost forms on five fields.","segment_11","R","","liquid","90","54","33.75","72","63","-9","{""source"":""RR"",""minimum_ms"":30,""inherent_ms"":80,""unstressed_scale"":0.5,""citations"":[""Allen et al. 1987 Table 9-1 p.96 (row named by source)"",""Engineering adaptation: source MIN/INHERENT ratio scaled to Qlatt duration basis""]}","inventory_materialization; non_word_initial_consonant_shortening; word_medial_consonant_shortening; cluster_shortening; pre_boundary_lengthening; duration_cap; duration_floor_default"
"Fresh frost forms on five fields.","segment_12","M","","nasal","80","48","68.57142857142857","63","74","11","{""source"":""MM"",""minimum_ms"":60,""inherent_ms"":70,""unstressed_scale"":0.5,""citations"":[""Allen et al. 1987 Table 9-1 p.96 (row named by source)"",""Engineering adaptation: source MIN/INHERENT ratio scaled to Qlatt duration basis""]}","inventory_materialization; non_word_initial_consonant_shortening; word_medial_consonant_shortening; cluster_shortening; pre_boundary_lengthening; duration_cap; duration_floor_default"
"Fresh frost forms on five fields.","segment_13","Z","","fricative","90","54","48","74","71","-3","{""source"":""ZZ"",""minimum_ms"":40,""inherent_ms"":75,""unstressed_scale"":0.5,""citations"":[""Allen et al. 1987 Table 9-1 p.96 (row named by source)"",""Engineering adaptation: source MIN/INHERENT ratio scaled to Qlatt duration basis""]}","inventory_materialization; non_word_initial_consonant_shortening; cluster_shortening; pre_boundary_lengthening; duration_cap; fricative_minimum_duration; duration_floor_default"
"Fresh frost forms on five fields.","segment_14","AA","1","vowel","180","75.6","75","191","191","0","{""source"":""AA"",""minimum_ms"":100,""inherent_ms"":240,""unstressed_scale"":0.5,""citations"":[""Allen et al. 1987 Table 9-1 p.96 (row named by source)"",""Engineering adaptation: source MIN/INHERENT ratio scaled to Qlatt duration basis""]}","inventory_materialization; stress_duration; vowel_shortening; pre_boundary_lengthening; duration_cap; duration_floor_default"
"Fresh frost forms on five fields.","segment_15","N","","nasal","70","42","58.333333333333336","60","66","6","{""source"":""NN"",""minimum_ms"":50,""inherent_ms"":60,""unstressed_scale"":0.5,""citations"":[""Allen et al. 1987 Table 9-1 p.96 (row named by source)"",""Engineering adaptation: source MIN/INHERENT ratio scaled to Qlatt duration basis""]}","inventory_materialization; non_word_initial_consonant_shortening; cluster_shortening; pre_boundary_lengthening; duration_cap; duration_floor_default"
"Fresh frost forms on five fields.","segment_16","F","","fricative","90","54","72","92","91","-1","{""source"":""FF"",""minimum_ms"":80,""inherent_ms"":100,""unstressed_scale"":0.5,""citations"":[""Allen et al. 1987 Table 9-1 p.96 (row named by source)"",""Engineering adaptation: source MIN/INHERENT ratio scaled to Qlatt duration basis""]}","inventory_materialization; word_initial_lengthening; cluster_shortening; pre_boundary_lengthening; duration_cap; fricative_minimum_duration; duration_floor_default"
"Fresh frost forms on five fields.","segment_17:expand_diphthongs:0","AA1","1","vowel","180","75.6","45","142","159","17","{""source"":""AA"",""minimum_ms"":100,""inherent_ms"":240,""unstressed_scale"":0.5,""citations"":[""Allen et al. 1987 Table 9-1 p.96 (row named by source)"",""Engineering adaptation: source MIN/INHERENT ratio scaled to Qlatt duration basis""]}","expand_diphthongs; expand_diphthongs; stress_duration; accent_vowel_lengthening; polysyllabic_shortening; vowel_shortening; pre_boundary_lengthening; duration_cap; hertz_nucleus_timing; duration_floor_default"
"Fresh frost forms on five fields.","segment_17:expand_diphthongs:1","Y","0","glide","80","48","18","58","41","-17","{""source"":""YY"",""minimum_ms"":40,""inherent_ms"":80,""unstressed_scale"":0.5,""citations"":[""Allen et al. 1987 Table 9-1 p.96 (row named by source)"",""Engineering adaptation: source MIN/INHERENT ratio scaled to Qlatt duration basis""]}","expand_diphthongs; expand_diphthongs; non_word_initial_consonant_shortening; word_medial_consonant_shortening; unstressed_consonant_shortening; cluster_shortening; pre_boundary_lengthening; duration_cap; duration_floor_default"
"Fresh frost forms on five fields.","segment_18","V","","fricative","80","48","53.333333333333336","67","70","3","{""source"":""VV"",""minimum_ms"":40,""inherent_ms"":60,""unstressed_scale"":0.5,""citations"":[""Allen et al. 1987 Table 9-1 p.96 (row named by source)"",""Engineering adaptation: source MIN/INHERENT ratio scaled to Qlatt duration basis""]}","inventory_materialization; non_word_initial_consonant_shortening; cluster_shortening; pre_boundary_lengthening; duration_cap; fricative_minimum_duration; duration_floor_default"
"Fresh frost forms on five fields.","segment_19","F","","fricative","90","54","72","92","91","-1","{""source"":""FF"",""minimum_ms"":80,""inherent_ms"":100,""unstressed_scale"":0.5,""citations"":[""Allen et al. 1987 Table 9-1 p.96 (row named by source)"",""Engineering adaptation: source MIN/INHERENT ratio scaled to Qlatt duration basis""]}","inventory_materialization; word_initial_lengthening; cluster_shortening; duration_cap; fricative_minimum_duration; duration_floor_default"
"Fresh frost forms on five fields.","segment_20","IY","1","vowel","150","63","53.225806451612904","275","288","13","{""source"":""IY"",""minimum_ms"":55,""inherent_ms"":155,""unstressed_scale"":0.5,""citations"":[""Allen et al. 1987 Table 9-1 p.96 (row named by source)"",""Engineering adaptation: source MIN/INHERENT ratio scaled to Qlatt duration basis""]}","inventory_materialization; stress_duration; accent_vowel_lengthening; vowel_shortening; pre_boundary_lengthening; duration_cap; duration_floor_default"
"Fresh frost forms on five fields.","segment_21","L","","liquid","80","48","40","74","72","-2","{""source"":""LL"",""minimum_ms"":40,""inherent_ms"":80,""unstressed_scale"":0.5,""citations"":[""Allen et al. 1987 Table 9-1 p.96 (row named by source)"",""Engineering adaptation: source MIN/INHERENT ratio scaled to Qlatt duration basis""]}","inventory_materialization; non_word_initial_consonant_shortening; word_medial_consonant_shortening; cluster_shortening; pre_boundary_lengthening; duration_cap; duration_floor_default"
"Fresh frost forms on five fields.","segment_22:remap_stops_to_closures:0","D_CL","","stop_closure","50","30","33.333333333333336","41","43","2","{""source"":""DD"",""minimum_ms"":50,""inherent_ms"":75,""unstressed_scale"":0.5,""citations"":[""Allen et al. 1987 Table 9-1 p.96 (row named by source)"",""Engineering adaptation: source MIN/INHERENT ratio scaled to Qlatt duration basis""]}","remap_stops_to_closures; remap_stops_to_closures; non_word_initial_consonant_shortening; word_medial_consonant_shortening; cluster_shortening; pre_boundary_lengthening; duration_cap; duration_floor_default"
"Fresh frost forms on five fields.","segment_22:remap_stops_to_closures:0:insert_mapped_voiced_release:0","D_REL","","stop_release","10","0","0","10","10","0","{""source"":""uncompressed"",""minimum_ms"":0,""inherent_ms"":1,""unstressed_scale"":0.5,""citations"":[""Allen et al. 1987 Table 9-1 p.96 (row named by source)"",""Engineering adaptation: source MIN/INHERENT ratio scaled to Qlatt duration basis"",""Engineering policy: silence and generated release/aspiration use explicit timing and timeline safety floors""]}","insert_mapped_voiced_release; insert_mapped_voiced_release; cluster_shortening; duration_cap; lock_stop_release_duration; duration_floor_stop_release"
"Fresh frost forms on five fields.","segment_22:remap_stops_to_closures:0:insert_mapped_voiced_release:1","Z","","fricative","90","54","48","74","71","-3","{""source"":""ZZ"",""minimum_ms"":40,""inherent_ms"":75,""unstressed_scale"":0.5,""citations"":[""Allen et al. 1987 Table 9-1 p.96 (row named by source)"",""Engineering adaptation: source MIN/INHERENT ratio scaled to Qlatt duration basis""]}","insert_mapped_voiced_release; non_word_initial_consonant_shortening; cluster_shortening; duration_cap; fricative_minimum_duration; duration_floor_default"
"Fresh frost forms on five fields.","segment_24","SIL","","silence","100","60","0","300","300","0","{""source"":""uncompressed"",""minimum_ms"":0,""inherent_ms"":1,""unstressed_scale"":0.5,""citations"":[""Allen et al. 1987 Table 9-1 p.96 (row named by source)"",""Engineering adaptation: source MIN/INHERENT ratio scaled to Qlatt duration basis"",""Engineering policy: silence and generated release/aspiration use explicit timing and timeline safety floors""]}","inventory_materialization; punctuation_pause; duration_floor_default"
"Vera vapes very vivid violets.","segment_0","V","","fricative","80","48","53.333333333333336","81","81","0","{""source"":""VV"",""minimum_ms"":40,""inherent_ms"":60,""unstressed_scale"":0.5,""citations"":[""Allen et al. 1987 Table 9-1 p.96 (row named by source)"",""Engineering adaptation: source MIN/INHERENT ratio scaled to Qlatt duration basis""]}","inventory_materialization; word_initial_lengthening; cluster_shortening; duration_cap; fricative_minimum_duration; duration_floor_default"
"Vera vapes very vivid violets.","segment_1","EH","1","vowel","120","50.4","56","132","130","-2","{""source"":""EH"",""minimum_ms"":70,""inherent_ms"":150,""unstressed_scale"":0.5,""citations"":[""Allen et al. 1987 Table 9-1 p.96 (row named by source)"",""Engineering adaptation: source MIN/INHERENT ratio scaled to Qlatt duration basis""]}","inventory_materialization; stress_duration; accent_vowel_lengthening; polysyllabic_shortening; vowel_shortening; duration_cap; duration_floor_default"
"Vera vapes very vivid violets.","segment_2","R","","liquid","90","54","33.75","72","63","-9","{""source"":""RR"",""minimum_ms"":30,""inherent_ms"":80,""unstressed_scale"":0.5,""citations"":[""Allen et al. 1987 Table 9-1 p.96 (row named by source)"",""Engineering adaptation: source MIN/INHERENT ratio scaled to Qlatt duration basis""]}","inventory_materialization; non_word_initial_consonant_shortening; word_medial_consonant_shortening; cluster_shortening; duration_cap; duration_floor_default"
"Vera vapes very vivid violets.","segment_3","AH","0","vowel","50","21","10.714285714285714","42","40","-2","{""source"":""AH"",""minimum_ms"":60,""inherent_ms"":140,""unstressed_scale"":0.5,""citations"":[""Allen et al. 1987 Table 9-1 p.96 (row named by source)"",""Engineering adaptation: source MIN/INHERENT ratio scaled to Qlatt duration basis""]}","inventory_materialization; stress_duration; accent_vowel_lengthening; polysyllabic_shortening; vowel_shortening; pre_boundary_lengthening; duration_cap; duration_floor_default"
"Vera vapes very vivid violets.","segment_4","V","","fricative","80","48","53.333333333333336","81","81","0","{""source"":""VV"",""minimum_ms"":40,""inherent_ms"":60,""unstressed_scale"":0.5,""citations"":[""Allen et al. 1987 Table 9-1 p.96 (row named by source)"",""Engineering adaptation: source MIN/INHERENT ratio scaled to Qlatt duration basis""]}","inventory_materialization; word_initial_lengthening; cluster_shortening; duration_cap; fricative_minimum_duration; duration_floor_default"
"Vera vapes very vivid violets.","segment_5:expand_diphthongs:0","EH1","1","vowel","120","50.4","44.8","104","104","0","{""source"":""EH"",""minimum_ms"":70,""inherent_ms"":150,""unstressed_scale"":0.5,""citations"":[""Allen et al. 1987 Table 9-1 p.96 (row named by source)"",""Engineering adaptation: source MIN/INHERENT ratio scaled to Qlatt duration basis""]}","expand_diphthongs; expand_diphthongs; stress_duration; accent_vowel_lengthening; polysyllabic_shortening; vowel_shortening; duration_cap; duration_floor_default"
"Vera vapes very vivid violets.","segment_5:expand_diphthongs:1","Y","0","glide","80","48","16","54","36","-18","{""source"":""YY"",""minimum_ms"":40,""inherent_ms"":80,""unstressed_scale"":0.5,""citations"":[""Allen et al. 1987 Table 9-1 p.96 (row named by source)"",""Engineering adaptation: source MIN/INHERENT ratio scaled to Qlatt duration basis""]}","expand_diphthongs; expand_diphthongs; non_word_initial_consonant_shortening; word_medial_consonant_shortening; unstressed_consonant_shortening; cluster_shortening; duration_cap; duration_floor_default"
"Vera vapes very vivid violets.","segment_6:remap_stops_to_closures:0","P_CL","","stop_closure","50","30","27.77777777777778","39","38","-1","{""source"":""PP"",""minimum_ms"":50,""inherent_ms"":90,""unstressed_scale"":0.5,""citations"":[""Allen et al. 1987 Table 9-1 p.96 (row named by source)"",""Engineering adaptation: source MIN/INHERENT ratio scaled to Qlatt duration basis""]}","remap_stops_to_closures; remap_stops_to_closures; non_word_initial_consonant_shortening; word_medial_consonant_shortening; cluster_shortening; duration_cap; duration_floor_default"
"Vera vapes very vivid violets.","segment_6:remap_stops_to_closures:0:insert_mapped_voiceless_release_and_aspiration:0","P_REL","","stop_release","2.931034482758621","0","0","5","5","0","{""source"":""uncompressed"",""minimum_ms"":0,""inherent_ms"":1,""unstressed_scale"":0.5,""citations"":[""Allen et al. 1987 Table 9-1 p.96 (row named by source)"",""Engineering adaptation: source MIN/INHERENT ratio scaled to Qlatt duration basis"",""Engineering policy: silence and generated release/aspiration use explicit timing and timeline safety floors""]}","insert_mapped_voiceless_release_and_aspiration; insert_mapped_voiceless_release_and_aspiration; cluster_shortening; duration_cap; lock_stop_release_duration; duration_floor_stop_release"
"Vera vapes very vivid violets.","segment_6:remap_stops_to_closures:0:insert_mapped_voiceless_release_and_aspiration:1","P_ASP","","stop_aspiration","31.06896551724138","0","0","31","31","0","{""source"":""uncompressed"",""minimum_ms"":0,""inherent_ms"":1,""unstressed_scale"":0.5,""citations"":[""Allen et al. 1987 Table 9-1 p.96 (row named by source)"",""Engineering adaptation: source MIN/INHERENT ratio scaled to Qlatt duration basis"",""Engineering policy: silence and generated release/aspiration use explicit timing and timeline safety floors""]}","insert_mapped_voiceless_release_and_aspiration; insert_mapped_voiceless_release_and_aspiration; cluster_shortening; duration_cap; lock_stop_release_duration; duration_floor_stop_release"
"Vera vapes very vivid violets.","segment_6:remap_stops_to_closures:0:insert_mapped_voiceless_release_and_aspiration:2","S","","fricative","100","60","57.142857142857146","82","80","-2","{""source"":""SS"",""minimum_ms"":60,""inherent_ms"":105,""unstressed_scale"":0.5,""citations"":[""Allen et al. 1987 Table 9-1 p.96 (row named by source)"",""Engineering adaptation: source MIN/INHERENT ratio scaled to Qlatt duration basis""]}","insert_mapped_voiceless_release_and_aspiration; non_word_initial_consonant_shortening; cluster_shortening; duration_cap; fricative_minimum_duration; duration_floor_default"
"Vera vapes very vivid violets.","segment_8","V","","fricative","80","48","53.333333333333336","81","81","0","{""source"":""VV"",""minimum_ms"":40,""inherent_ms"":60,""unstressed_scale"":0.5,""citations"":[""Allen et al. 1987 Table 9-1 p.96 (row named by source)"",""Engineering adaptation: source MIN/INHERENT ratio scaled to Qlatt duration basis""]}","inventory_materialization; word_initial_lengthening; cluster_shortening; duration_cap; fricative_minimum_duration; duration_floor_default"
"Vera vapes very vivid violets.","segment_9","EH","1","vowel","120","50.4","56","132","130","-2","{""source"":""EH"",""minimum_ms"":70,""inherent_ms"":150,""unstressed_scale"":0.5,""citations"":[""Allen et al. 1987 Table 9-1 p.96 (row named by source)"",""Engineering adaptation: source MIN/INHERENT ratio scaled to Qlatt duration basis""]}","inventory_materialization; stress_duration; accent_vowel_lengthening; polysyllabic_shortening; vowel_shortening; duration_cap; duration_floor_default"
"Vera vapes very vivid violets.","segment_10","R","","liquid","90","54","33.75","72","63","-9","{""source"":""RR"",""minimum_ms"":30,""inherent_ms"":80,""unstressed_scale"":0.5,""citations"":[""Allen et al. 1987 Table 9-1 p.96 (row named by source)"",""Engineering adaptation: source MIN/INHERENT ratio scaled to Qlatt duration basis""]}","inventory_materialization; non_word_initial_consonant_shortening; word_medial_consonant_shortening; cluster_shortening; duration_cap; duration_floor_default"
"Vera vapes very vivid violets.","segment_11","IY","0","vowel","70","29.4","12.419354838709678","59","54","-5","{""source"":""IY"",""minimum_ms"":55,""inherent_ms"":155,""unstressed_scale"":0.5,""citations"":[""Allen et al. 1987 Table 9-1 p.96 (row named by source)"",""Engineering adaptation: source MIN/INHERENT ratio scaled to Qlatt duration basis""]}","inventory_materialization; stress_duration; accent_vowel_lengthening; polysyllabic_shortening; vowel_shortening; pre_boundary_lengthening; duration_cap; duration_floor_default"
"Vera vapes very vivid violets.","segment_12","V","","fricative","80","48","53.333333333333336","81","81","0","{""source"":""VV"",""minimum_ms"":40,""inherent_ms"":60,""unstressed_scale"":0.5,""citations"":[""Allen et al. 1987 Table 9-1 p.96 (row named by source)"",""Engineering adaptation: source MIN/INHERENT ratio scaled to Qlatt duration basis""]}","inventory_materialization; word_initial_lengthening; cluster_shortening; duration_cap; fricative_minimum_duration; duration_floor_default"
"Vera vapes very vivid violets.","segment_13","IH","1","vowel","100","42","29.62962962962963","116","120","4","{""source"":""IH"",""minimum_ms"":40,""inherent_ms"":135,""unstressed_scale"":0.5,""citations"":[""Allen et al. 1987 Table 9-1 p.96 (row named by source)"",""Engineering adaptation: source MIN/INHERENT ratio scaled to Qlatt duration basis""]}","inventory_materialization; stress_duration; accent_vowel_lengthening; polysyllabic_shortening; vowel_shortening; duration_cap; duration_floor_default"
"Vera vapes very vivid violets.","segment_14","V","","fricative","80","48","53.333333333333336","65","67","2","{""source"":""VV"",""minimum_ms"":40,""inherent_ms"":60,""unstressed_scale"":0.5,""citations"":[""Allen et al. 1987 Table 9-1 p.96 (row named by source)"",""Engineering adaptation: source MIN/INHERENT ratio scaled to Qlatt duration basis""]}","inventory_materialization; non_word_initial_consonant_shortening; word_medial_consonant_shortening; cluster_shortening; duration_cap; fricative_minimum_duration; duration_floor_default"
"Vera vapes very vivid violets.","segment_15","AH","0","vowel","50","21","10.714285714285714","44","42","-2","{""source"":""AH"",""minimum_ms"":60,""inherent_ms"":140,""unstressed_scale"":0.5,""citations"":[""Allen et al. 1987 Table 9-1 p.96 (row named by source)"",""Engineering adaptation: source MIN/INHERENT ratio scaled to Qlatt duration basis""]}","inventory_materialization; stress_duration; accent_vowel_lengthening; polysyllabic_shortening; vowel_shortening; pre_boundary_lengthening; duration_cap; duration_floor_default"
"Vera vapes very vivid violets.","segment_16:remap_stops_to_closures:0","D_CL","","stop_closure","50","30","33.333333333333336","39","41","2","{""source"":""DD"",""minimum_ms"":50,""inherent_ms"":75,""unstressed_scale"":0.5,""citations"":[""Allen et al. 1987 Table 9-1 p.96 (row named by source)"",""Engineering adaptation: source MIN/INHERENT ratio scaled to Qlatt duration basis""]}","remap_stops_to_closures; remap_stops_to_closures; non_word_initial_consonant_shortening; word_medial_consonant_shortening; cluster_shortening; pre_boundary_lengthening; duration_cap; duration_floor_default"
"Vera vapes very vivid violets.","segment_16:remap_stops_to_closures:0:insert_mapped_voiced_release:0","D_REL","","stop_release","10","0","0","10","10","0","{""source"":""uncompressed"",""minimum_ms"":0,""inherent_ms"":1,""unstressed_scale"":0.5,""citations"":[""Allen et al. 1987 Table 9-1 p.96 (row named by source)"",""Engineering adaptation: source MIN/INHERENT ratio scaled to Qlatt duration basis"",""Engineering policy: silence and generated release/aspiration use explicit timing and timeline safety floors""]}","insert_mapped_voiced_release; insert_mapped_voiced_release; cluster_shortening; duration_cap; lock_stop_release_duration; duration_floor_stop_release"
"Vera vapes very vivid violets.","segment_16:remap_stops_to_closures:0:insert_mapped_voiced_release:1","V","","fricative","80","48","53.333333333333336","78","78","0","{""source"":""VV"",""minimum_ms"":40,""inherent_ms"":60,""unstressed_scale"":0.5,""citations"":[""Allen et al. 1987 Table 9-1 p.96 (row named by source)"",""Engineering adaptation: source MIN/INHERENT ratio scaled to Qlatt duration basis""]}","insert_mapped_voiced_release; word_initial_lengthening; cluster_shortening; duration_cap; fricative_minimum_duration; duration_floor_default"
"Vera vapes very vivid violets.","segment_18:expand_diphthongs:0","AA1","1","vowel","180","75.6","45","87","104","17","{""source"":""AA"",""minimum_ms"":100,""inherent_ms"":240,""unstressed_scale"":0.5,""citations"":[""Allen et al. 1987 Table 9-1 p.96 (row named by source)"",""Engineering adaptation: source MIN/INHERENT ratio scaled to Qlatt duration basis""]}","expand_diphthongs; expand_diphthongs; stress_duration; accent_vowel_lengthening; polysyllabic_shortening; vowel_shortening; duration_cap; hertz_nucleus_timing; duration_floor_default"
"Vera vapes very vivid violets.","segment_18:expand_diphthongs:1","Y","0","glide","80","48","18","58","41","-17","{""source"":""YY"",""minimum_ms"":40,""inherent_ms"":80,""unstressed_scale"":0.5,""citations"":[""Allen et al. 1987 Table 9-1 p.96 (row named by source)"",""Engineering adaptation: source MIN/INHERENT ratio scaled to Qlatt duration basis""]}","expand_diphthongs; expand_diphthongs; non_word_initial_consonant_shortening; word_medial_consonant_shortening; unstressed_consonant_shortening; cluster_shortening; duration_cap; duration_floor_default"
"Vera vapes very vivid violets.","segment_19","AH","0","vowel","50","21","10.714285714285714","40","37","-3","{""source"":""AH"",""minimum_ms"":60,""inherent_ms"":140,""unstressed_scale"":0.5,""citations"":[""Allen et al. 1987 Table 9-1 p.96 (row named by source)"",""Engineering adaptation: source MIN/INHERENT ratio scaled to Qlatt duration basis""]}","inventory_materialization; stress_duration; accent_vowel_lengthening; polysyllabic_shortening; vowel_shortening; duration_cap; duration_floor_default"
"Vera vapes very vivid violets.","segment_20","L","","liquid","80","48","40","63","59","-4","{""source"":""LL"",""minimum_ms"":40,""inherent_ms"":80,""unstressed_scale"":0.5,""citations"":[""Allen et al. 1987 Table 9-1 p.96 (row named by source)"",""Engineering adaptation: source MIN/INHERENT ratio scaled to Qlatt duration basis""]}","inventory_materialization; non_word_initial_consonant_shortening; word_medial_consonant_shortening; cluster_shortening; duration_cap; duration_floor_default"
"Vera vapes very vivid violets.","segment_21","AH","0","vowel","50","21","10.714285714285714","34","29","-5","{""source"":""AH"",""minimum_ms"":60,""inherent_ms"":140,""unstressed_scale"":0.5,""citations"":[""Allen et al. 1987 Table 9-1 p.96 (row named by source)"",""Engineering adaptation: source MIN/INHERENT ratio scaled to Qlatt duration basis""]}","inventory_materialization; stress_duration; accent_vowel_lengthening; polysyllabic_shortening; vowel_shortening; duration_cap; duration_floor_default"
"Vera vapes very vivid violets.","segment_22:remap_stops_to_closures:0","T_CL","","stop_closure","50","30","33.333333333333336","41","43","2","{""source"":""TT"",""minimum_ms"":50,""inherent_ms"":75,""unstressed_scale"":0.5,""citations"":[""Allen et al. 1987 Table 9-1 p.96 (row named by source)"",""Engineering adaptation: source MIN/INHERENT ratio scaled to Qlatt duration basis""]}","remap_stops_to_closures; remap_stops_to_closures; non_word_initial_consonant_shortening; word_medial_consonant_shortening; cluster_shortening; pre_boundary_lengthening; duration_cap; duration_floor_default"
"Vera vapes very vivid violets.","segment_22:remap_stops_to_closures:0:insert_mapped_voiceless_release_and_aspiration:0","T_REL","","stop_release","7.816901408450704","0","0","8","8","0","{""source"":""uncompressed"",""minimum_ms"":0,""inherent_ms"":1,""unstressed_scale"":0.5,""citations"":[""Allen et al. 1987 Table 9-1 p.96 (row named by source)"",""Engineering adaptation: source MIN/INHERENT ratio scaled to Qlatt duration basis"",""Engineering policy: silence and generated release/aspiration use explicit timing and timeline safety floors""]}","insert_mapped_voiceless_release_and_aspiration; insert_mapped_voiceless_release_and_aspiration; cluster_shortening; duration_cap; lock_stop_release_duration; duration_floor_stop_release"
"Vera vapes very vivid violets.","segment_22:remap_stops_to_closures:0:insert_mapped_voiceless_release_and_aspiration:1","T_ASP","","stop_aspiration","29.183098591549296","0","0","29","29","0","{""source"":""uncompressed"",""minimum_ms"":0,""inherent_ms"":1,""unstressed_scale"":0.5,""citations"":[""Allen et al. 1987 Table 9-1 p.96 (row named by source)"",""Engineering adaptation: source MIN/INHERENT ratio scaled to Qlatt duration basis"",""Engineering policy: silence and generated release/aspiration use explicit timing and timeline safety floors""]}","insert_mapped_voiceless_release_and_aspiration; insert_mapped_voiceless_release_and_aspiration; cluster_shortening; duration_cap; lock_stop_release_duration; duration_floor_stop_release"
"Vera vapes very vivid violets.","segment_22:remap_stops_to_closures:0:insert_mapped_voiceless_release_and_aspiration:2","S","","fricative","100","60","57.142857142857146","82","80","-2","{""source"":""SS"",""minimum_ms"":60,""inherent_ms"":105,""unstressed_scale"":0.5,""citations"":[""Allen et al. 1987 Table 9-1 p.96 (row named by source)"",""Engineering adaptation: source MIN/INHERENT ratio scaled to Qlatt duration basis""]}","insert_mapped_voiceless_release_and_aspiration; non_word_initial_consonant_shortening; cluster_shortening; duration_cap; fricative_minimum_duration; duration_floor_default"
"Vera vapes very vivid violets.","segment_24","SIL","","silence","100","60","0","300","300","0","{""source"":""uncompressed"",""minimum_ms"":0,""inherent_ms"":1,""unstressed_scale"":0.5,""citations"":[""Allen et al. 1987 Table 9-1 p.96 (row named by source)"",""Engineering adaptation: source MIN/INHERENT ratio scaled to Qlatt duration basis"",""Engineering policy: silence and generated release/aspiration use explicit timing and timeline safety floors""]}","inventory_materialization; punctuation_pause; duration_floor_default"
"Zesty zest is easy to spot.","segment_0","Z","","fricative","90","54","48","92","92","0","{""source"":""ZZ"",""minimum_ms"":40,""inherent_ms"":75,""unstressed_scale"":0.5,""citations"":[""Allen et al. 1987 Table 9-1 p.96 (row named by source)"",""Engineering adaptation: source MIN/INHERENT ratio scaled to Qlatt duration basis""]}","inventory_materialization; word_initial_lengthening; cluster_shortening; duration_cap; fricative_minimum_duration; duration_floor_default"
"Zesty zest is easy to spot.","segment_1","EH","1","vowel","120","50.4","56","132","130","-2","{""source"":""EH"",""minimum_ms"":70,""inherent_ms"":150,""unstressed_scale"":0.5,""citations"":[""Allen et al. 1987 Table 9-1 p.96 (row named by source)"",""Engineering adaptation: source MIN/INHERENT ratio scaled to Qlatt duration basis""]}","inventory_materialization; stress_duration; accent_vowel_lengthening; polysyllabic_shortening; vowel_shortening; duration_cap; duration_floor_default"
"Zesty zest is easy to spot.","segment_2","S","","fricative","100","60","57.142857142857146","81","80","-1","{""source"":""SS"",""minimum_ms"":60,""inherent_ms"":105,""unstressed_scale"":0.5,""citations"":[""Allen et al. 1987 Table 9-1 p.96 (row named by source)"",""Engineering adaptation: source MIN/INHERENT ratio scaled to Qlatt duration basis""]}","inventory_materialization; non_word_initial_consonant_shortening; word_medial_consonant_shortening; cluster_shortening; duration_cap; fricative_minimum_duration; duration_floor_default"
"Zesty zest is easy to spot.","segment_3:remap_stops_to_closures:0","T_CL","","stop_closure","50","30","33.333333333333336","39","41","2","{""source"":""TT"",""minimum_ms"":50,""inherent_ms"":75,""unstressed_scale"":0.5,""citations"":[""Allen et al. 1987 Table 9-1 p.96 (row named by source)"",""Engineering adaptation: source MIN/INHERENT ratio scaled to Qlatt duration basis""]}","remap_stops_to_closures; remap_stops_to_closures; non_word_initial_consonant_shortening; word_medial_consonant_shortening; cluster_shortening; duration_cap; duration_floor_default"
"Zesty zest is easy to spot.","segment_3:remap_stops_to_closures:0:insert_mapped_voiceless_release_and_aspiration:0","T_REL","","stop_release","7.816901408450704","0","0","8","8","0","{""source"":""uncompressed"",""minimum_ms"":0,""inherent_ms"":1,""unstressed_scale"":0.5,""citations"":[""Allen et al. 1987 Table 9-1 p.96 (row named by source)"",""Engineering adaptation: source MIN/INHERENT ratio scaled to Qlatt duration basis"",""Engineering policy: silence and generated release/aspiration use explicit timing and timeline safety floors""]}","insert_mapped_voiceless_release_and_aspiration; insert_mapped_voiceless_release_and_aspiration; cluster_shortening; duration_cap; lock_stop_release_duration; duration_floor_stop_release"
"Zesty zest is easy to spot.","segment_3:remap_stops_to_closures:0:insert_mapped_voiceless_release_and_aspiration:1","T_ASP","","stop_aspiration","29.183098591549296","0","0","10","10","0","{""source"":""uncompressed"",""minimum_ms"":0,""inherent_ms"":1,""unstressed_scale"":0.5,""citations"":[""Allen et al. 1987 Table 9-1 p.96 (row named by source)"",""Engineering adaptation: source MIN/INHERENT ratio scaled to Qlatt duration basis"",""Engineering policy: silence and generated release/aspiration use explicit timing and timeline safety floors""]}","insert_mapped_voiceless_release_and_aspiration; insert_mapped_voiceless_release_and_aspiration; cluster_shortening; duration_cap; lock_stop_release_duration; s_cluster_aspiration_reduction; duration_floor_stop_release"
"Zesty zest is easy to spot.","segment_3:remap_stops_to_closures:0:insert_mapped_voiceless_release_and_aspiration:2","IY","0","vowel","70","29.4","12.419354838709678","59","54","-5","{""source"":""IY"",""minimum_ms"":55,""inherent_ms"":155,""unstressed_scale"":0.5,""citations"":[""Allen et al. 1987 Table 9-1 p.96 (row named by source)"",""Engineering adaptation: source MIN/INHERENT ratio scaled to Qlatt duration basis""]}","insert_mapped_voiceless_release_and_aspiration; stress_duration; accent_vowel_lengthening; polysyllabic_shortening; vowel_shortening; duration_cap; duration_floor_default"
"Zesty zest is easy to spot.","segment_5","Z","","fricative","90","54","48","92","92","0","{""source"":""ZZ"",""minimum_ms"":40,""inherent_ms"":75,""unstressed_scale"":0.5,""citations"":[""Allen et al. 1987 Table 9-1 p.96 (row named by source)"",""Engineering adaptation: source MIN/INHERENT ratio scaled to Qlatt duration basis""]}","inventory_materialization; word_initial_lengthening; cluster_shortening; pre_boundary_lengthening; duration_cap; fricative_minimum_duration; duration_floor_default"
"Zesty zest is easy to spot.","segment_6","EH","1","vowel","120","50.4","56","132","130","-2","{""source"":""EH"",""minimum_ms"":70,""inherent_ms"":150,""unstressed_scale"":0.5,""citations"":[""Allen et al. 1987 Table 9-1 p.96 (row named by source)"",""Engineering adaptation: source MIN/INHERENT ratio scaled to Qlatt duration basis""]}","inventory_materialization; stress_duration; accent_vowel_lengthening; polysyllabic_shortening; vowel_shortening; pre_boundary_lengthening; duration_cap; duration_floor_default"
"Zesty zest is easy to spot.","segment_7","S","","fricative","100","60","57.142857142857146","81","80","-1","{""source"":""SS"",""minimum_ms"":60,""inherent_ms"":105,""unstressed_scale"":0.5,""citations"":[""Allen et al. 1987 Table 9-1 p.96 (row named by source)"",""Engineering adaptation: source MIN/INHERENT ratio scaled to Qlatt duration basis""]}","inventory_materialization; non_word_initial_consonant_shortening; word_medial_consonant_shortening; cluster_shortening; pre_boundary_lengthening; duration_cap; fricative_minimum_duration; duration_floor_default"
"Zesty zest is easy to spot.","segment_8:remap_stops_to_closures:0","T_CL","","stop_closure","50","30","33.333333333333336","39","41","2","{""source"":""TT"",""minimum_ms"":50,""inherent_ms"":75,""unstressed_scale"":0.5,""citations"":[""Allen et al. 1987 Table 9-1 p.96 (row named by source)"",""Engineering adaptation: source MIN/INHERENT ratio scaled to Qlatt duration basis""]}","remap_stops_to_closures; remap_stops_to_closures; non_word_initial_consonant_shortening; word_medial_consonant_shortening; cluster_shortening; duration_cap; duration_floor_default"
"Zesty zest is easy to spot.","segment_8:remap_stops_to_closures:0:insert_mapped_voiceless_release_and_aspiration:0","T_REL","","stop_release","7.816901408450704","0","0","8","8","0","{""source"":""uncompressed"",""minimum_ms"":0,""inherent_ms"":1,""unstressed_scale"":0.5,""citations"":[""Allen et al. 1987 Table 9-1 p.96 (row named by source)"",""Engineering adaptation: source MIN/INHERENT ratio scaled to Qlatt duration basis"",""Engineering policy: silence and generated release/aspiration use explicit timing and timeline safety floors""]}","insert_mapped_voiceless_release_and_aspiration; insert_mapped_voiceless_release_and_aspiration; cluster_shortening; duration_cap; lock_stop_release_duration; duration_floor_stop_release"
"Zesty zest is easy to spot.","segment_8:remap_stops_to_closures:0:insert_mapped_voiceless_release_and_aspiration:1","T_ASP","","stop_aspiration","29.183098591549296","0","0","10","10","0","{""source"":""uncompressed"",""minimum_ms"":0,""inherent_ms"":1,""unstressed_scale"":0.5,""citations"":[""Allen et al. 1987 Table 9-1 p.96 (row named by source)"",""Engineering adaptation: source MIN/INHERENT ratio scaled to Qlatt duration basis"",""Engineering policy: silence and generated release/aspiration use explicit timing and timeline safety floors""]}","insert_mapped_voiceless_release_and_aspiration; insert_mapped_voiceless_release_and_aspiration; cluster_shortening; duration_cap; lock_stop_release_duration; s_cluster_aspiration_reduction; duration_floor_stop_release"
"Zesty zest is easy to spot.","segment_8:remap_stops_to_closures:0:insert_mapped_voiceless_release_and_aspiration:2","IH","1","vowel","100","42","29.62962962962963","107","108","1","{""source"":""IH"",""minimum_ms"":40,""inherent_ms"":135,""unstressed_scale"":0.5,""citations"":[""Allen et al. 1987 Table 9-1 p.96 (row named by source)"",""Engineering adaptation: source MIN/INHERENT ratio scaled to Qlatt duration basis""]}","insert_mapped_voiceless_release_and_aspiration; stress_duration; polysyllabic_shortening; vowel_shortening; pre_boundary_lengthening; duration_cap; duration_floor_default"
"Zesty zest is easy to spot.","segment_10","Z","","fricative","90","54","48","76","74","-2","{""source"":""ZZ"",""minimum_ms"":40,""inherent_ms"":75,""unstressed_scale"":0.5,""citations"":[""Allen et al. 1987 Table 9-1 p.96 (row named by source)"",""Engineering adaptation: source MIN/INHERENT ratio scaled to Qlatt duration basis""]}","inventory_materialization; non_word_initial_consonant_shortening; cluster_shortening; pre_boundary_lengthening; duration_cap; fricative_minimum_duration; duration_floor_default"
"Zesty zest is easy to spot.","segment_11","IY","1","vowel","150","63","53.225806451612904","174","177","3","{""source"":""IY"",""minimum_ms"":55,""inherent_ms"":155,""unstressed_scale"":0.5,""citations"":[""Allen et al. 1987 Table 9-1 p.96 (row named by source)"",""Engineering adaptation: source MIN/INHERENT ratio scaled to Qlatt duration basis""]}","inventory_materialization; stress_duration; accent_vowel_lengthening; polysyllabic_shortening; vowel_shortening; pre_boundary_lengthening; duration_cap; duration_floor_default"
"Zesty zest is easy to spot.","segment_12","Z","","fricative","90","54","48","72","70","-2","{""source"":""ZZ"",""minimum_ms"":40,""inherent_ms"":75,""unstressed_scale"":0.5,""citations"":[""Allen et al. 1987 Table 9-1 p.96 (row named by source)"",""Engineering adaptation: source MIN/INHERENT ratio scaled to Qlatt duration basis""]}","inventory_materialization; non_word_initial_consonant_shortening; word_medial_consonant_shortening; cluster_shortening; pre_boundary_lengthening; duration_cap; fricative_minimum_duration; duration_floor_default"
"Zesty zest is easy to spot.","segment_13","IY","0","vowel","70","29.4","12.419354838709678","48","39","-9","{""source"":""IY"",""minimum_ms"":55,""inherent_ms"":155,""unstressed_scale"":0.5,""citations"":[""Allen et al. 1987 Table 9-1 p.96 (row named by source)"",""Engineering adaptation: source MIN/INHERENT ratio scaled to Qlatt duration basis""]}","inventory_materialization; stress_duration; accent_vowel_lengthening; polysyllabic_shortening; vowel_shortening; pre_boundary_lengthening; duration_cap; duration_floor_default"
"Zesty zest is easy to spot.","segment_14:remap_stops_to_closures:0","T_CL","","stop_closure","50","30","33.333333333333336","51","51","0","{""source"":""TT"",""minimum_ms"":50,""inherent_ms"":75,""unstressed_scale"":0.5,""citations"":[""Allen et al. 1987 Table 9-1 p.96 (row named by source)"",""Engineering adaptation: source MIN/INHERENT ratio scaled to Qlatt duration basis""]}","remap_stops_to_closures; remap_stops_to_closures; word_initial_lengthening; cluster_shortening; pre_boundary_lengthening; duration_cap; duration_floor_default"
"Zesty zest is easy to spot.","segment_14:remap_stops_to_closures:0:insert_mapped_voiceless_release_and_aspiration:0","T_REL","","stop_release","8.23943661971831","0","0","8","8","0","{""source"":""uncompressed"",""minimum_ms"":0,""inherent_ms"":1,""unstressed_scale"":0.5,""citations"":[""Allen et al. 1987 Table 9-1 p.96 (row named by source)"",""Engineering adaptation: source MIN/INHERENT ratio scaled to Qlatt duration basis"",""Engineering policy: silence and generated release/aspiration use explicit timing and timeline safety floors""]}","insert_mapped_voiceless_release_and_aspiration; insert_mapped_voiceless_release_and_aspiration; cluster_shortening; duration_cap; lock_stop_release_duration; duration_floor_stop_release"
"Zesty zest is easy to spot.","segment_14:remap_stops_to_closures:0:insert_mapped_voiceless_release_and_aspiration:1","T_ASP","","stop_aspiration","30.76056338028169","0","0","31","31","0","{""source"":""uncompressed"",""minimum_ms"":0,""inherent_ms"":1,""unstressed_scale"":0.5,""citations"":[""Allen et al. 1987 Table 9-1 p.96 (row named by source)"",""Engineering adaptation: source MIN/INHERENT ratio scaled to Qlatt duration basis"",""Engineering policy: silence and generated release/aspiration use explicit timing and timeline safety floors""]}","insert_mapped_voiceless_release_and_aspiration; insert_mapped_voiceless_release_and_aspiration; cluster_shortening; duration_cap; lock_stop_release_duration; duration_floor_stop_release"
"Zesty zest is easy to spot.","segment_14:remap_stops_to_closures:0:insert_mapped_voiceless_release_and_aspiration:2","UW","1","vowel","180","75.6","60","181","182","1","{""source"":""UW"",""minimum_ms"":70,""inherent_ms"":210,""unstressed_scale"":0.5,""citations"":[""Allen et al. 1987 Table 9-1 p.96 (row named by source)"",""Engineering adaptation: source MIN/INHERENT ratio scaled to Qlatt duration basis""]}","insert_mapped_voiceless_release_and_aspiration; stress_duration; polysyllabic_shortening; vowel_shortening; pre_boundary_lengthening; duration_cap; duration_floor_default"
"Zesty zest is easy to spot.","segment_16","S","","fricative","100","60","57.142857142857146","110","112","2","{""source"":""SS"",""minimum_ms"":60,""inherent_ms"":105,""unstressed_scale"":0.5,""citations"":[""Allen et al. 1987 Table 9-1 p.96 (row named by source)"",""Engineering adaptation: source MIN/INHERENT ratio scaled to Qlatt duration basis""]}","inventory_materialization; word_initial_lengthening; cluster_shortening; pre_boundary_lengthening; duration_cap; fricative_minimum_duration; duration_floor_default"
"Zesty zest is easy to spot.","segment_17:remap_stops_to_closures:0","P_CL","","stop_closure","50","30","27.77777777777778","39","38","-1","{""source"":""PP"",""minimum_ms"":50,""inherent_ms"":90,""unstressed_scale"":0.5,""citations"":[""Allen et al. 1987 Table 9-1 p.96 (row named by source)"",""Engineering adaptation: source MIN/INHERENT ratio scaled to Qlatt duration basis""]}","remap_stops_to_closures; remap_stops_to_closures; non_word_initial_consonant_shortening; word_medial_consonant_shortening; cluster_shortening; duration_cap; duration_floor_default"
"Zesty zest is easy to spot.","segment_17:remap_stops_to_closures:0:insert_mapped_voiceless_release_and_aspiration:0","P_REL","","stop_release","2.931034482758621","0","0","5","5","0","{""source"":""uncompressed"",""minimum_ms"":0,""inherent_ms"":1,""unstressed_scale"":0.5,""citations"":[""Allen et al. 1987 Table 9-1 p.96 (row named by source)"",""Engineering adaptation: source MIN/INHERENT ratio scaled to Qlatt duration basis"",""Engineering policy: silence and generated release/aspiration use explicit timing and timeline safety floors""]}","insert_mapped_voiceless_release_and_aspiration; insert_mapped_voiceless_release_and_aspiration; cluster_shortening; duration_cap; lock_stop_release_duration; duration_floor_stop_release"
"Zesty zest is easy to spot.","segment_17:remap_stops_to_closures:0:insert_mapped_voiceless_release_and_aspiration:1","P_ASP","","stop_aspiration","31.06896551724138","0","0","10","10","0","{""source"":""uncompressed"",""minimum_ms"":0,""inherent_ms"":1,""unstressed_scale"":0.5,""citations"":[""Allen et al. 1987 Table 9-1 p.96 (row named by source)"",""Engineering adaptation: source MIN/INHERENT ratio scaled to Qlatt duration basis"",""Engineering policy: silence and generated release/aspiration use explicit timing and timeline safety floors""]}","insert_mapped_voiceless_release_and_aspiration; insert_mapped_voiceless_release_and_aspiration; cluster_shortening; duration_cap; lock_stop_release_duration; s_cluster_aspiration_reduction; duration_floor_stop_release"
"Zesty zest is easy to spot.","segment_17:remap_stops_to_closures:0:insert_mapped_voiceless_release_and_aspiration:2","AA","1","vowel","180","75.6","75","214","215","1","{""source"":""AA"",""minimum_ms"":100,""inherent_ms"":240,""unstressed_scale"":0.5,""citations"":[""Allen et al. 1987 Table 9-1 p.96 (row named by source)"",""Engineering adaptation: source MIN/INHERENT ratio scaled to Qlatt duration basis""]}","insert_mapped_voiceless_release_and_aspiration; stress_duration; accent_vowel_lengthening; polysyllabic_shortening; vowel_shortening; pre_boundary_lengthening; duration_cap; duration_floor_default"
"Zesty zest is easy to spot.","segment_19:remap_stops_to_closures:0","T_CL","","stop_closure","50","30","33.333333333333336","41","43","2","{""source"":""TT"",""minimum_ms"":50,""inherent_ms"":75,""unstressed_scale"":0.5,""citations"":[""Allen et al. 1987 Table 9-1 p.96 (row named by source)"",""Engineering adaptation: source MIN/INHERENT ratio scaled to Qlatt duration basis""]}","remap_stops_to_closures; remap_stops_to_closures; non_word_initial_consonant_shortening; word_medial_consonant_shortening; cluster_shortening; pre_boundary_lengthening; duration_cap; duration_floor_default"
"Zesty zest is easy to spot.","segment_19:remap_stops_to_closures:0:insert_mapped_voiceless_release_and_aspiration:0","T_REL","","stop_release","15","0","0","15","15","0","{""source"":""uncompressed"",""minimum_ms"":0,""inherent_ms"":1,""unstressed_scale"":0.5,""citations"":[""Allen et al. 1987 Table 9-1 p.96 (row named by source)"",""Engineering adaptation: source MIN/INHERENT ratio scaled to Qlatt duration basis"",""Engineering policy: silence and generated release/aspiration use explicit timing and timeline safety floors""]}","insert_mapped_voiceless_release_and_aspiration; insert_mapped_voiceless_release_and_aspiration; cluster_shortening; duration_cap; lock_stop_release_duration; duration_floor_stop_release"
"Zesty zest is easy to spot.","segment_19:remap_stops_to_closures:0:insert_mapped_voiceless_release_and_aspiration:1","T_ASP","","stop_aspiration","15","0","0","15","15","0","{""source"":""uncompressed"",""minimum_ms"":0,""inherent_ms"":1,""unstressed_scale"":0.5,""citations"":[""Allen et al. 1987 Table 9-1 p.96 (row named by source)"",""Engineering adaptation: source MIN/INHERENT ratio scaled to Qlatt duration basis"",""Engineering policy: silence and generated release/aspiration use explicit timing and timeline safety floors""]}","insert_mapped_voiceless_release_and_aspiration; insert_mapped_voiceless_release_and_aspiration; cluster_shortening; duration_cap; lock_stop_release_duration; duration_floor_stop_release"
"Zesty zest is easy to spot.","segment_19:remap_stops_to_closures:0:insert_mapped_voiceless_release_and_aspiration:2","SIL","","silence","100","60","0","300","300","0","{""source"":""uncompressed"",""minimum_ms"":0,""inherent_ms"":1,""unstressed_scale"":0.5,""citations"":[""Allen et al. 1987 Table 9-1 p.96 (row named by source)"",""Engineering adaptation: source MIN/INHERENT ratio scaled to Qlatt duration basis"",""Engineering policy: silence and generated release/aspiration use explicit timing and timeline safety floors""]}","insert_mapped_voiceless_release_and_aspiration; punctuation_pause; duration_floor_default"
"Shy sharks shimmer in shallow shoals.","segment_0","SH","","fricative","100","60","76.19047619047619","102","102","0","{""source"":""SH"",""minimum_ms"":80,""inherent_ms"":105,""unstressed_scale"":0.5,""citations"":[""Allen et al. 1987 Table 9-1 p.96 (row named by source)"",""Engineering adaptation: source MIN/INHERENT ratio scaled to Qlatt duration basis""]}","inventory_materialization; word_initial_lengthening; cluster_shortening; duration_cap; fricative_minimum_duration; duration_floor_default"
"Shy sharks shimmer in shallow shoals.","segment_1:expand_diphthongs:0","AA1","1","vowel","180","75.6","45","85","101","16","{""source"":""AA"",""minimum_ms"":100,""inherent_ms"":240,""unstressed_scale"":0.5,""citations"":[""Allen et al. 1987 Table 9-1 p.96 (row named by source)"",""Engineering adaptation: source MIN/INHERENT ratio scaled to Qlatt duration basis""]}","expand_diphthongs; expand_diphthongs; stress_duration; accent_vowel_lengthening; polysyllabic_shortening; vowel_shortening; pre_boundary_lengthening; duration_cap; hertz_nucleus_timing; duration_floor_default"
"Shy sharks shimmer in shallow shoals.","segment_1:expand_diphthongs:1","Y","0","glide","80","48","18","60","44","-16","{""source"":""YY"",""minimum_ms"":40,""inherent_ms"":80,""unstressed_scale"":0.5,""citations"":[""Allen et al. 1987 Table 9-1 p.96 (row named by source)"",""Engineering adaptation: source MIN/INHERENT ratio scaled to Qlatt duration basis""]}","expand_diphthongs; expand_diphthongs; non_word_initial_consonant_shortening; unstressed_consonant_shortening; cluster_shortening; pre_boundary_lengthening; duration_cap; duration_floor_default"
"Shy sharks shimmer in shallow shoals.","segment_2","SH","","fricative","100","60","76.19047619047619","102","102","0","{""source"":""SH"",""minimum_ms"":80,""inherent_ms"":105,""unstressed_scale"":0.5,""citations"":[""Allen et al. 1987 Table 9-1 p.96 (row named by source)"",""Engineering adaptation: source MIN/INHERENT ratio scaled to Qlatt duration basis""]}","inventory_materialization; word_initial_lengthening; cluster_shortening; duration_cap; fricative_minimum_duration; duration_floor_default"
"Shy sharks shimmer in shallow shoals.","segment_3","AA","1","vowel","180","75.6","75","231","233","2","{""source"":""AA"",""minimum_ms"":100,""inherent_ms"":240,""unstressed_scale"":0.5,""citations"":[""Allen et al. 1987 Table 9-1 p.96 (row named by source)"",""Engineering adaptation: source MIN/INHERENT ratio scaled to Qlatt duration basis""]}","inventory_materialization; stress_duration; accent_vowel_lengthening; vowel_shortening; duration_cap; duration_floor_default"
"Shy sharks shimmer in shallow shoals.","segment_4","R","","liquid","90","54","33.75","72","63","-9","{""source"":""RR"",""minimum_ms"":30,""inherent_ms"":80,""unstressed_scale"":0.5,""citations"":[""Allen et al. 1987 Table 9-1 p.96 (row named by source)"",""Engineering adaptation: source MIN/INHERENT ratio scaled to Qlatt duration basis""]}","inventory_materialization; non_word_initial_consonant_shortening; word_medial_consonant_shortening; cluster_shortening; duration_cap; duration_floor_default"
"Shy sharks shimmer in shallow shoals.","segment_5:remap_stops_to_closures:0","K_CL","","stop_closure","60","36","45","47","52","5","{""source"":""KK"",""minimum_ms"":60,""inherent_ms"":80,""unstressed_scale"":0.5,""citations"":[""Allen et al. 1987 Table 9-1 p.96 (row named by source)"",""Engineering adaptation: source MIN/INHERENT ratio scaled to Qlatt duration basis""]}","remap_stops_to_closures; remap_stops_to_closures; non_word_initial_consonant_shortening; word_medial_consonant_shortening; cluster_shortening; pre_boundary_lengthening; duration_cap; duration_floor_default"
"Shy sharks shimmer in shallow shoals.","segment_5:remap_stops_to_closures:0:insert_mapped_voiceless_release_and_aspiration:0","K_REL","","stop_release","14.759036144578314","0","0","15","15","0","{""source"":""uncompressed"",""minimum_ms"":0,""inherent_ms"":1,""unstressed_scale"":0.5,""citations"":[""Allen et al. 1987 Table 9-1 p.96 (row named by source)"",""Engineering adaptation: source MIN/INHERENT ratio scaled to Qlatt duration basis"",""Engineering policy: silence and generated release/aspiration use explicit timing and timeline safety floors""]}","insert_mapped_voiceless_release_and_aspiration; insert_mapped_voiceless_release_and_aspiration; cluster_shortening; duration_cap; lock_stop_release_duration; duration_floor_stop_release"
"Shy sharks shimmer in shallow shoals.","segment_5:remap_stops_to_closures:0:insert_mapped_voiceless_release_and_aspiration:1","K_ASP","","stop_aspiration","34.24096385542168","0","0","34","34","0","{""source"":""uncompressed"",""minimum_ms"":0,""inherent_ms"":1,""unstressed_scale"":0.5,""citations"":[""Allen et al. 1987 Table 9-1 p.96 (row named by source)"",""Engineering adaptation: source MIN/INHERENT ratio scaled to Qlatt duration basis"",""Engineering policy: silence and generated release/aspiration use explicit timing and timeline safety floors""]}","insert_mapped_voiceless_release_and_aspiration; insert_mapped_voiceless_release_and_aspiration; cluster_shortening; duration_cap; lock_stop_release_duration; duration_floor_stop_release"
"Shy sharks shimmer in shallow shoals.","segment_5:remap_stops_to_closures:0:insert_mapped_voiceless_release_and_aspiration:2","S","","fricative","100","60","57.142857142857146","82","80","-2","{""source"":""SS"",""minimum_ms"":60,""inherent_ms"":105,""unstressed_scale"":0.5,""citations"":[""Allen et al. 1987 Table 9-1 p.96 (row named by source)"",""Engineering adaptation: source MIN/INHERENT ratio scaled to Qlatt duration basis""]}","insert_mapped_voiceless_release_and_aspiration; non_word_initial_consonant_shortening; cluster_shortening; duration_cap; fricative_minimum_duration; duration_floor_default"
"Shy sharks shimmer in shallow shoals.","segment_7","SH","","fricative","100","60","76.19047619047619","102","102","0","{""source"":""SH"",""minimum_ms"":80,""inherent_ms"":105,""unstressed_scale"":0.5,""citations"":[""Allen et al. 1987 Table 9-1 p.96 (row named by source)"",""Engineering adaptation: source MIN/INHERENT ratio scaled to Qlatt duration basis""]}","inventory_materialization; word_initial_lengthening; cluster_shortening; duration_cap; fricative_minimum_duration; duration_floor_default"
"Shy sharks shimmer in shallow shoals.","segment_8","IH","1","vowel","100","42","29.62962962962963","99","100","1","{""source"":""IH"",""minimum_ms"":40,""inherent_ms"":135,""unstressed_scale"":0.5,""citations"":[""Allen et al. 1987 Table 9-1 p.96 (row named by source)"",""Engineering adaptation: source MIN/INHERENT ratio scaled to Qlatt duration basis""]}","inventory_materialization; stress_duration; accent_vowel_lengthening; polysyllabic_shortening; vowel_shortening; duration_cap; duration_floor_default"
"Shy sharks shimmer in shallow shoals.","segment_9","M","","nasal","80","48","68.57142857142857","65","75","10","{""source"":""MM"",""minimum_ms"":60,""inherent_ms"":70,""unstressed_scale"":0.5,""citations"":[""Allen et al. 1987 Table 9-1 p.96 (row named by source)"",""Engineering adaptation: source MIN/INHERENT ratio scaled to Qlatt duration basis""]}","inventory_materialization; non_word_initial_consonant_shortening; word_medial_consonant_shortening; cluster_shortening; duration_cap; duration_floor_default"
"Shy sharks shimmer in shallow shoals.","segment_10:expand_rhotic_vowels:0","ER","0","vowel","42","17.64","9.333333333333334","130","130","0","{""source"":""ER"",""minimum_ms"":80,""inherent_ms"":180,""unstressed_scale"":0.5,""citations"":[""Allen et al. 1987 Table 9-1 p.96 (row named by source)"",""Engineering adaptation: source MIN/INHERENT ratio scaled to Qlatt duration basis""]}","expand_rhotic_vowels; expand_rhotic_vowels; stress_duration; accent_vowel_lengthening; polysyllabic_shortening; vowel_shortening; pre_boundary_lengthening; duration_cap; hertz_nucleus_timing; duration_floor_default"
"Shy sharks shimmer in shallow shoals.","segment_10:expand_rhotic_vowels:1","R","0","liquid","28","30","30","30","30","0","{""source"":""RR"",""minimum_ms"":30,""inherent_ms"":80,""unstressed_scale"":0.5,""citations"":[""Allen et al. 1987 Table 9-1 p.96 (row named by source)"",""Engineering adaptation: source MIN/INHERENT ratio scaled to Qlatt duration basis""]}","expand_rhotic_vowels; expand_rhotic_vowels; non_word_initial_consonant_shortening; unstressed_consonant_shortening; cluster_shortening; pre_boundary_lengthening; duration_cap; duration_floor_default"
"Shy sharks shimmer in shallow shoals.","segment_11","IH","0","vowel","60","25.2","8.88888888888889","49","44","-5","{""source"":""IH"",""minimum_ms"":40,""inherent_ms"":135,""unstressed_scale"":0.5,""citations"":[""Allen et al. 1987 Table 9-1 p.96 (row named by source)"",""Engineering adaptation: source MIN/INHERENT ratio scaled to Qlatt duration basis""]}","inventory_materialization; stress_duration; vowel_shortening; pre_boundary_lengthening; duration_cap; duration_floor_default"
"Shy sharks shimmer in shallow shoals.","segment_12","N","","nasal","70","42","58.333333333333336","60","66","6","{""source"":""NN"",""minimum_ms"":50,""inherent_ms"":60,""unstressed_scale"":0.5,""citations"":[""Allen et al. 1987 Table 9-1 p.96 (row named by source)"",""Engineering adaptation: source MIN/INHERENT ratio scaled to Qlatt duration basis""]}","inventory_materialization; non_word_initial_consonant_shortening; cluster_shortening; pre_boundary_lengthening; duration_cap; duration_floor_default"
"Shy sharks shimmer in shallow shoals.","segment_13","SH","","fricative","100","60","76.19047619047619","102","102","0","{""source"":""SH"",""minimum_ms"":80,""inherent_ms"":105,""unstressed_scale"":0.5,""citations"":[""Allen et al. 1987 Table 9-1 p.96 (row named by source)"",""Engineering adaptation: source MIN/INHERENT ratio scaled to Qlatt duration basis""]}","inventory_materialization; word_initial_lengthening; cluster_shortening; duration_cap; fricative_minimum_duration; duration_floor_default"
"Shy sharks shimmer in shallow shoals.","segment_14","AE","1","vowel","170","71.39999999999999","59.130434782608695","187","189","2","{""source"":""AE"",""minimum_ms"":80,""inherent_ms"":230,""unstressed_scale"":0.5,""citations"":[""Allen et al. 1987 Table 9-1 p.96 (row named by source)"",""Engineering adaptation: source MIN/INHERENT ratio scaled to Qlatt duration basis""]}","inventory_materialization; stress_duration; accent_vowel_lengthening; polysyllabic_shortening; vowel_shortening; duration_cap; duration_floor_default"
"Shy sharks shimmer in shallow shoals.","segment_15","L","","liquid","80","48","40","65","61","-4","{""source"":""LL"",""minimum_ms"":40,""inherent_ms"":80,""unstressed_scale"":0.5,""citations"":[""Allen et al. 1987 Table 9-1 p.96 (row named by source)"",""Engineering adaptation: source MIN/INHERENT ratio scaled to Qlatt duration basis""]}","inventory_materialization; non_word_initial_consonant_shortening; word_medial_consonant_shortening; cluster_shortening; duration_cap; duration_floor_default"
"Shy sharks shimmer in shallow shoals.","segment_16:expand_diphthongs:0","AO0","0","vowel","70","29.4","10","42","35","-7","{""source"":""AO"",""minimum_ms"":100,""inherent_ms"":240,""unstressed_scale"":0.5,""citations"":[""Allen et al. 1987 Table 9-1 p.96 (row named by source)"",""Engineering adaptation: source MIN/INHERENT ratio scaled to Qlatt duration basis""]}","expand_diphthongs; expand_diphthongs; stress_duration; accent_vowel_lengthening; polysyllabic_shortening; vowel_shortening; pre_boundary_lengthening; duration_cap; duration_floor_default"
"Shy sharks shimmer in shallow shoals.","segment_16:expand_diphthongs:1","W","0","glide","80","48","12","48","22","-26","{""source"":""WW"",""minimum_ms"":60,""inherent_ms"":80,""unstressed_scale"":0.5,""citations"":[""Allen et al. 1987 Table 9-1 p.96 (row named by source)"",""Engineering adaptation: source MIN/INHERENT ratio scaled to Qlatt duration basis""]}","expand_diphthongs; expand_diphthongs; non_word_initial_consonant_shortening; unstressed_consonant_shortening; cluster_shortening; pre_boundary_lengthening; duration_cap; duration_floor_default"
"Shy sharks shimmer in shallow shoals.","segment_17","SH","","fricative","100","60","76.19047619047619","102","102","0","{""source"":""SH"",""minimum_ms"":80,""inherent_ms"":105,""unstressed_scale"":0.5,""citations"":[""Allen et al. 1987 Table 9-1 p.96 (row named by source)"",""Engineering adaptation: source MIN/INHERENT ratio scaled to Qlatt duration basis""]}","inventory_materialization; word_initial_lengthening; cluster_shortening; duration_cap; fricative_minimum_duration; duration_floor_default"
"Shy sharks shimmer in shallow shoals.","segment_18:expand_diphthongs:0","AO1","1","vowel","160","67.2","42.5","111","118","7","{""source"":""AO"",""minimum_ms"":100,""inherent_ms"":240,""unstressed_scale"":0.5,""citations"":[""Allen et al. 1987 Table 9-1 p.96 (row named by source)"",""Engineering adaptation: source MIN/INHERENT ratio scaled to Qlatt duration basis""]}","expand_diphthongs; expand_diphthongs; stress_duration; accent_vowel_lengthening; polysyllabic_shortening; vowel_shortening; duration_cap; duration_floor_default"
"Shy sharks shimmer in shallow shoals.","segment_18:expand_diphthongs:1","W","0","glide","80","48","25.5","57","44","-13","{""source"":""WW"",""minimum_ms"":60,""inherent_ms"":80,""unstressed_scale"":0.5,""citations"":[""Allen et al. 1987 Table 9-1 p.96 (row named by source)"",""Engineering adaptation: source MIN/INHERENT ratio scaled to Qlatt duration basis""]}","expand_diphthongs; expand_diphthongs; non_word_initial_consonant_shortening; word_medial_consonant_shortening; unstressed_consonant_shortening; cluster_shortening; duration_cap; duration_floor_default"
"Shy sharks shimmer in shallow shoals.","segment_19","L","","liquid","80","48","40","65","61","-4","{""source"":""LL"",""minimum_ms"":40,""inherent_ms"":80,""unstressed_scale"":0.5,""citations"":[""Allen et al. 1987 Table 9-1 p.96 (row named by source)"",""Engineering adaptation: source MIN/INHERENT ratio scaled to Qlatt duration basis""]}","inventory_materialization; non_word_initial_consonant_shortening; word_medial_consonant_shortening; cluster_shortening; duration_cap; duration_floor_default"
"Shy sharks shimmer in shallow shoals.","segment_20","Z","","fricative","90","54","48","74","71","-3","{""source"":""ZZ"",""minimum_ms"":40,""inherent_ms"":75,""unstressed_scale"":0.5,""citations"":[""Allen et al. 1987 Table 9-1 p.96 (row named by source)"",""Engineering adaptation: source MIN/INHERENT ratio scaled to Qlatt duration basis""]}","inventory_materialization; non_word_initial_consonant_shortening; cluster_shortening; pre_boundary_lengthening; duration_cap; fricative_minimum_duration; duration_floor_default"
"Shy sharks shimmer in shallow shoals.","segment_21","SIL","","silence","100","60","0","300","300","0","{""source"":""uncompressed"",""minimum_ms"":0,""inherent_ms"":1,""unstressed_scale"":0.5,""citations"":[""Allen et al. 1987 Table 9-1 p.96 (row named by source)"",""Engineering adaptation: source MIN/INHERENT ratio scaled to Qlatt duration basis"",""Engineering policy: silence and generated release/aspiration use explicit timing and timeline safety floors""]}","inventory_materialization; punctuation_pause; duration_floor_default"
"They bathed the smooth leather.","segment_0","DH","","fricative","70","42","42","72","72","0","{""source"":""DH"",""minimum_ms"":30,""inherent_ms"":50,""unstressed_scale"":0.5,""citations"":[""Allen et al. 1987 Table 9-1 p.96 (row named by source)"",""Engineering adaptation: source MIN/INHERENT ratio scaled to Qlatt duration basis""]}","inventory_materialization; word_initial_lengthening; cluster_shortening; duration_cap; fricative_minimum_duration; duration_floor_default"
"They bathed the smooth leather.","segment_1:expand_diphthongs:0","EH1","1","vowel","120","50.4","44.8","97","96","-1","{""source"":""EH"",""minimum_ms"":70,""inherent_ms"":150,""unstressed_scale"":0.5,""citations"":[""Allen et al. 1987 Table 9-1 p.96 (row named by source)"",""Engineering adaptation: source MIN/INHERENT ratio scaled to Qlatt duration basis""]}","expand_diphthongs; expand_diphthongs; stress_duration; polysyllabic_shortening; vowel_shortening; pre_boundary_lengthening; duration_cap; duration_floor_default"
"They bathed the smooth leather.","segment_1:expand_diphthongs:1","Y","0","glide","80","48","16","56","40","-16","{""source"":""YY"",""minimum_ms"":40,""inherent_ms"":80,""unstressed_scale"":0.5,""citations"":[""Allen et al. 1987 Table 9-1 p.96 (row named by source)"",""Engineering adaptation: source MIN/INHERENT ratio scaled to Qlatt duration basis""]}","expand_diphthongs; expand_diphthongs; non_word_initial_consonant_shortening; unstressed_consonant_shortening; cluster_shortening; pre_boundary_lengthening; duration_cap; duration_floor_default"
"They bathed the smooth leather.","segment_2:remap_stops_to_closures:0","B_CL","","stop_closure","45","27","31.764705882352942","44","44","0","{""source"":""BB"",""minimum_ms"":60,""inherent_ms"":85,""unstressed_scale"":0.5,""citations"":[""Allen et al. 1987 Table 9-1 p.96 (row named by source)"",""Engineering adaptation: source MIN/INHERENT ratio scaled to Qlatt duration basis""]}","remap_stops_to_closures; remap_stops_to_closures; word_initial_lengthening; cluster_shortening; duration_cap; duration_floor_default"
"They bathed the smooth leather.","segment_2:remap_stops_to_closures:0:insert_mapped_voiced_release:0","B_REL","","stop_release","5","0","0","5","5","0","{""source"":""uncompressed"",""minimum_ms"":0,""inherent_ms"":1,""unstressed_scale"":0.5,""citations"":[""Allen et al. 1987 Table 9-1 p.96 (row named by source)"",""Engineering adaptation: source MIN/INHERENT ratio scaled to Qlatt duration basis"",""Engineering policy: silence and generated release/aspiration use explicit timing and timeline safety floors""]}","insert_mapped_voiced_release; insert_mapped_voiced_release; cluster_shortening; duration_cap; lock_stop_release_duration; duration_floor_stop_release"
"They bathed the smooth leather.","segment_2:remap_stops_to_closures:0:insert_mapped_voiced_release:1","EH1","1","vowel","120","50.4","44.8","104","104","0","{""source"":""EH"",""minimum_ms"":70,""inherent_ms"":150,""unstressed_scale"":0.5,""citations"":[""Allen et al. 1987 Table 9-1 p.96 (row named by source)"",""Engineering adaptation: source MIN/INHERENT ratio scaled to Qlatt duration basis""]}","insert_mapped_voiced_release; stress_duration; accent_vowel_lengthening; polysyllabic_shortening; vowel_shortening; duration_cap; duration_floor_default"
"They bathed the smooth leather.","segment_3:expand_diphthongs:1","Y","0","glide","80","48","16","54","36","-18","{""source"":""YY"",""minimum_ms"":40,""inherent_ms"":80,""unstressed_scale"":0.5,""citations"":[""Allen et al. 1987 Table 9-1 p.96 (row named by source)"",""Engineering adaptation: source MIN/INHERENT ratio scaled to Qlatt duration basis""]}","expand_diphthongs; expand_diphthongs; non_word_initial_consonant_shortening; word_medial_consonant_shortening; unstressed_consonant_shortening; cluster_shortening; duration_cap; duration_floor_default"
"They bathed the smooth leather.","segment_4","DH","","fricative","70","42","42","60","60","0","{""source"":""DH"",""minimum_ms"":30,""inherent_ms"":50,""unstressed_scale"":0.5,""citations"":[""Allen et al. 1987 Table 9-1 p.96 (row named by source)"",""Engineering adaptation: source MIN/INHERENT ratio scaled to Qlatt duration basis""]}","inventory_materialization; non_word_initial_consonant_shortening; word_medial_consonant_shortening; cluster_shortening; duration_cap; fricative_minimum_duration; duration_floor_default"
"They bathed the smooth leather.","segment_5:remap_stops_to_closures:0","D_CL","","stop_closure","50","30","33.333333333333336","39","41","2","{""source"":""DD"",""minimum_ms"":50,""inherent_ms"":75,""unstressed_scale"":0.5,""citations"":[""Allen et al. 1987 Table 9-1 p.96 (row named by source)"",""Engineering adaptation: source MIN/INHERENT ratio scaled to Qlatt duration basis""]}","remap_stops_to_closures; remap_stops_to_closures; non_word_initial_consonant_shortening; word_medial_consonant_shortening; cluster_shortening; duration_cap; duration_floor_default"
"They bathed the smooth leather.","segment_5:remap_stops_to_closures:0:insert_mapped_voiced_release:0","D_REL","","stop_release","10","0","0","10","10","0","{""source"":""uncompressed"",""minimum_ms"":0,""inherent_ms"":1,""unstressed_scale"":0.5,""citations"":[""Allen et al. 1987 Table 9-1 p.96 (row named by source)"",""Engineering adaptation: source MIN/INHERENT ratio scaled to Qlatt duration basis"",""Engineering policy: silence and generated release/aspiration use explicit timing and timeline safety floors""]}","insert_mapped_voiced_release; insert_mapped_voiced_release; cluster_shortening; duration_cap; lock_stop_release_duration; duration_floor_stop_release"
"They bathed the smooth leather.","segment_5:remap_stops_to_closures:0:insert_mapped_voiced_release:1","DH","","fricative","70","42","42","69","69","0","{""source"":""DH"",""minimum_ms"":30,""inherent_ms"":50,""unstressed_scale"":0.5,""citations"":[""Allen et al. 1987 Table 9-1 p.96 (row named by source)"",""Engineering adaptation: source MIN/INHERENT ratio scaled to Qlatt duration basis""]}","insert_mapped_voiced_release; word_initial_lengthening; cluster_shortening; duration_cap; fricative_minimum_duration; duration_floor_default"
"They bathed the smooth leather.","segment_7","AH","0","vowel","50","21","10.714285714285714","44","42","-2","{""source"":""AH"",""minimum_ms"":60,""inherent_ms"":140,""unstressed_scale"":0.5,""citations"":[""Allen et al. 1987 Table 9-1 p.96 (row named by source)"",""Engineering adaptation: source MIN/INHERENT ratio scaled to Qlatt duration basis""]}","inventory_materialization; stress_duration; vowel_shortening; pre_boundary_lengthening; duration_cap; duration_floor_default"
"They bathed the smooth leather.","segment_8","S","","fricative","100","60","57.142857142857146","102","103","1","{""source"":""SS"",""minimum_ms"":60,""inherent_ms"":105,""unstressed_scale"":0.5,""citations"":[""Allen et al. 1987 Table 9-1 p.96 (row named by source)"",""Engineering adaptation: source MIN/INHERENT ratio scaled to Qlatt duration basis""]}","inventory_materialization; word_initial_lengthening; cluster_shortening; duration_cap; fricative_minimum_duration; duration_floor_default"
"They bathed the smooth leather.","segment_9","M","","nasal","80","48","68.57142857142857","63","74","11","{""source"":""MM"",""minimum_ms"":60,""inherent_ms"":70,""unstressed_scale"":0.5,""citations"":[""Allen et al. 1987 Table 9-1 p.96 (row named by source)"",""Engineering adaptation: source MIN/INHERENT ratio scaled to Qlatt duration basis""]}","inventory_materialization; non_word_initial_consonant_shortening; word_medial_consonant_shortening; cluster_shortening; duration_cap; duration_floor_default"
"They bathed the smooth leather.","segment_10","UW","1","vowel","180","75.6","60","247","257","10","{""source"":""UW"",""minimum_ms"":70,""inherent_ms"":210,""unstressed_scale"":0.5,""citations"":[""Allen et al. 1987 Table 9-1 p.96 (row named by source)"",""Engineering adaptation: source MIN/INHERENT ratio scaled to Qlatt duration basis""]}","inventory_materialization; stress_duration; accent_vowel_lengthening; vowel_shortening; duration_cap; duration_floor_default"
"They bathed the smooth leather.","segment_11","DH","","fricative","70","42","42","60","60","0","{""source"":""DH"",""minimum_ms"":30,""inherent_ms"":50,""unstressed_scale"":0.5,""citations"":[""Allen et al. 1987 Table 9-1 p.96 (row named by source)"",""Engineering adaptation: source MIN/INHERENT ratio scaled to Qlatt duration basis""]}","inventory_materialization; non_word_initial_consonant_shortening; cluster_shortening; pre_boundary_lengthening; duration_cap; fricative_minimum_duration; duration_floor_default"
"They bathed the smooth leather.","segment_12","L","","liquid","80","48","40","81","82","1","{""source"":""LL"",""minimum_ms"":40,""inherent_ms"":80,""unstressed_scale"":0.5,""citations"":[""Allen et al. 1987 Table 9-1 p.96 (row named by source)"",""Engineering adaptation: source MIN/INHERENT ratio scaled to Qlatt duration basis""]}","inventory_materialization; word_initial_lengthening; cluster_shortening; duration_cap; duration_floor_default"
"They bathed the smooth leather.","segment_13","EH","1","vowel","120","50.4","56","148","145","-3","{""source"":""EH"",""minimum_ms"":70,""inherent_ms"":150,""unstressed_scale"":0.5,""citations"":[""Allen et al. 1987 Table 9-1 p.96 (row named by source)"",""Engineering adaptation: source MIN/INHERENT ratio scaled to Qlatt duration basis""]}","inventory_materialization; stress_duration; accent_vowel_lengthening; polysyllabic_shortening; vowel_shortening; duration_cap; duration_floor_default"
"They bathed the smooth leather.","segment_14","DH","","fricative","70","42","42","60","60","0","{""source"":""DH"",""minimum_ms"":30,""inherent_ms"":50,""unstressed_scale"":0.5,""citations"":[""Allen et al. 1987 Table 9-1 p.96 (row named by source)"",""Engineering adaptation: source MIN/INHERENT ratio scaled to Qlatt duration basis""]}","inventory_materialization; non_word_initial_consonant_shortening; word_medial_consonant_shortening; cluster_shortening; duration_cap; fricative_minimum_duration; duration_floor_default"
"They bathed the smooth leather.","segment_15:expand_rhotic_vowels:0","ER","0","vowel","42","17.64","9.333333333333334","130","130","0","{""source"":""ER"",""minimum_ms"":80,""inherent_ms"":180,""unstressed_scale"":0.5,""citations"":[""Allen et al. 1987 Table 9-1 p.96 (row named by source)"",""Engineering adaptation: source MIN/INHERENT ratio scaled to Qlatt duration basis""]}","expand_rhotic_vowels; expand_rhotic_vowels; stress_duration; accent_vowel_lengthening; polysyllabic_shortening; vowel_shortening; pre_boundary_lengthening; duration_cap; hertz_nucleus_timing; duration_floor_default"
"They bathed the smooth leather.","segment_15:expand_rhotic_vowels:1","R","0","liquid","28","30","30","30","30","0","{""source"":""RR"",""minimum_ms"":30,""inherent_ms"":80,""unstressed_scale"":0.5,""citations"":[""Allen et al. 1987 Table 9-1 p.96 (row named by source)"",""Engineering adaptation: source MIN/INHERENT ratio scaled to Qlatt duration basis""]}","expand_rhotic_vowels; expand_rhotic_vowels; non_word_initial_consonant_shortening; unstressed_consonant_shortening; cluster_shortening; pre_boundary_lengthening; duration_cap; duration_floor_default"
"They bathed the smooth leather.","segment_16","SIL","","silence","100","60","0","300","300","0","{""source"":""uncompressed"",""minimum_ms"":0,""inherent_ms"":1,""unstressed_scale"":0.5,""citations"":[""Allen et al. 1987 Table 9-1 p.96 (row named by source)"",""Engineering adaptation: source MIN/INHERENT ratio scaled to Qlatt duration basis"",""Engineering policy: silence and generated release/aspiration use explicit timing and timeline safety floors""]}","inventory_materialization; punctuation_pause; duration_floor_default"
"S, f, sh, th, z, v, zh, dh.","segment_0","S","","fricative","100","60","57.142857142857146","102","103","1","{""source"":""SS"",""minimum_ms"":60,""inherent_ms"":105,""unstressed_scale"":0.5,""citations"":[""Allen et al. 1987 Table 9-1 p.96 (row named by source)"",""Engineering adaptation: source MIN/INHERENT ratio scaled to Qlatt duration basis""]}","inventory_materialization; word_initial_lengthening; cluster_shortening; duration_cap; fricative_minimum_duration; duration_floor_default"
"S, f, sh, th, z, v, zh, dh.","segment_1","SIL","","silence","100","60","0","150","150","0","{""source"":""uncompressed"",""minimum_ms"":0,""inherent_ms"":1,""unstressed_scale"":0.5,""citations"":[""Allen et al. 1987 Table 9-1 p.96 (row named by source)"",""Engineering adaptation: source MIN/INHERENT ratio scaled to Qlatt duration basis"",""Engineering policy: silence and generated release/aspiration use explicit timing and timeline safety floors""]}","inventory_materialization; punctuation_pause; duration_floor_default"
"S, f, sh, th, z, v, zh, dh.","segment_2","F","","fricative","90","54","72","92","91","-1","{""source"":""FF"",""minimum_ms"":80,""inherent_ms"":100,""unstressed_scale"":0.5,""citations"":[""Allen et al. 1987 Table 9-1 p.96 (row named by source)"",""Engineering adaptation: source MIN/INHERENT ratio scaled to Qlatt duration basis""]}","inventory_materialization; word_initial_lengthening; cluster_shortening; duration_cap; fricative_minimum_duration; duration_floor_default"
"S, f, sh, th, z, v, zh, dh.","segment_3","SIL","","silence","100","60","0","150","150","0","{""source"":""uncompressed"",""minimum_ms"":0,""inherent_ms"":1,""unstressed_scale"":0.5,""citations"":[""Allen et al. 1987 Table 9-1 p.96 (row named by source)"",""Engineering adaptation: source MIN/INHERENT ratio scaled to Qlatt duration basis"",""Engineering policy: silence and generated release/aspiration use explicit timing and timeline safety floors""]}","inventory_materialization; punctuation_pause; duration_floor_default"
"S, f, sh, th, z, v, zh, dh.","segment_4","SH","","fricative","100","60","76.19047619047619","102","102","0","{""source"":""SH"",""minimum_ms"":80,""inherent_ms"":105,""unstressed_scale"":0.5,""citations"":[""Allen et al. 1987 Table 9-1 p.96 (row named by source)"",""Engineering adaptation: source MIN/INHERENT ratio scaled to Qlatt duration basis""]}","inventory_materialization; word_initial_lengthening; cluster_shortening; duration_cap; fricative_minimum_duration; duration_floor_default"
"S, f, sh, th, z, v, zh, dh.","segment_5","SIL","","silence","100","60","0","150","150","0","{""source"":""uncompressed"",""minimum_ms"":0,""inherent_ms"":1,""unstressed_scale"":0.5,""citations"":[""Allen et al. 1987 Table 9-1 p.96 (row named by source)"",""Engineering adaptation: source MIN/INHERENT ratio scaled to Qlatt duration basis"",""Engineering policy: silence and generated release/aspiration use explicit timing and timeline safety floors""]}","inventory_materialization; punctuation_pause; duration_floor_default"
"S, f, sh, th, z, v, zh, dh.","segment_6","TH","","fricative","80","48","53.333333333333336","81","81","0","{""source"":""TH"",""minimum_ms"":60,""inherent_ms"":90,""unstressed_scale"":0.5,""citations"":[""Allen et al. 1987 Table 9-1 p.96 (row named by source)"",""Engineering adaptation: source MIN/INHERENT ratio scaled to Qlatt duration basis""]}","inventory_materialization; word_initial_lengthening; cluster_shortening; duration_cap; fricative_minimum_duration; duration_floor_default"
"S, f, sh, th, z, v, zh, dh.","segment_7","SIL","","silence","100","60","0","150","150","0","{""source"":""uncompressed"",""minimum_ms"":0,""inherent_ms"":1,""unstressed_scale"":0.5,""citations"":[""Allen et al. 1987 Table 9-1 p.96 (row named by source)"",""Engineering adaptation: source MIN/INHERENT ratio scaled to Qlatt duration basis"",""Engineering policy: silence and generated release/aspiration use explicit timing and timeline safety floors""]}","inventory_materialization; punctuation_pause; duration_floor_default"
"S, f, sh, th, z, v, zh, dh.","segment_8","Z","","fricative","90","54","48","92","92","0","{""source"":""ZZ"",""minimum_ms"":40,""inherent_ms"":75,""unstressed_scale"":0.5,""citations"":[""Allen et al. 1987 Table 9-1 p.96 (row named by source)"",""Engineering adaptation: source MIN/INHERENT ratio scaled to Qlatt duration basis""]}","inventory_materialization; word_initial_lengthening; cluster_shortening; duration_cap; fricative_minimum_duration; duration_floor_default"
"S, f, sh, th, z, v, zh, dh.","segment_9","SIL","","silence","100","60","0","150","150","0","{""source"":""uncompressed"",""minimum_ms"":0,""inherent_ms"":1,""unstressed_scale"":0.5,""citations"":[""Allen et al. 1987 Table 9-1 p.96 (row named by source)"",""Engineering adaptation: source MIN/INHERENT ratio scaled to Qlatt duration basis"",""Engineering policy: silence and generated release/aspiration use explicit timing and timeline safety floors""]}","inventory_materialization; punctuation_pause; duration_floor_default"
"S, f, sh, th, z, v, zh, dh.","segment_10","V","","fricative","80","48","53.333333333333336","81","81","0","{""source"":""VV"",""minimum_ms"":40,""inherent_ms"":60,""unstressed_scale"":0.5,""citations"":[""Allen et al. 1987 Table 9-1 p.96 (row named by source)"",""Engineering adaptation: source MIN/INHERENT ratio scaled to Qlatt duration basis""]}","inventory_materialization; word_initial_lengthening; cluster_shortening; duration_cap; fricative_minimum_duration; duration_floor_default"
"S, f, sh, th, z, v, zh, dh.","segment_11","SIL","","silence","100","60","0","150","150","0","{""source"":""uncompressed"",""minimum_ms"":0,""inherent_ms"":1,""unstressed_scale"":0.5,""citations"":[""Allen et al. 1987 Table 9-1 p.96 (row named by source)"",""Engineering adaptation: source MIN/INHERENT ratio scaled to Qlatt duration basis"",""Engineering policy: silence and generated release/aspiration use explicit timing and timeline safety floors""]}","inventory_materialization; punctuation_pause; duration_floor_default"
"S, f, sh, th, z, v, zh, dh.","segment_12","ZH","","fricative","90","54","51.42857142857143","92","92","0","{""source"":""ZH"",""minimum_ms"":40,""inherent_ms"":70,""unstressed_scale"":0.5,""citations"":[""Allen et al. 1987 Table 9-1 p.96 (row named by source)"",""Engineering adaptation: source MIN/INHERENT ratio scaled to Qlatt duration basis""]}","inventory_materialization; word_initial_lengthening; cluster_shortening; duration_cap; fricative_minimum_duration; duration_floor_default"
"S, f, sh, th, z, v, zh, dh.","segment_13","SIL","","silence","100","60","0","150","150","0","{""source"":""uncompressed"",""minimum_ms"":0,""inherent_ms"":1,""unstressed_scale"":0.5,""citations"":[""Allen et al. 1987 Table 9-1 p.96 (row named by source)"",""Engineering adaptation: source MIN/INHERENT ratio scaled to Qlatt duration basis"",""Engineering policy: silence and generated release/aspiration use explicit timing and timeline safety floors""]}","inventory_materialization; punctuation_pause; duration_floor_default"
"S, f, sh, th, z, v, zh, dh.","segment_14","DH","","fricative","70","42","42","72","72","0","{""source"":""DH"",""minimum_ms"":30,""inherent_ms"":50,""unstressed_scale"":0.5,""citations"":[""Allen et al. 1987 Table 9-1 p.96 (row named by source)"",""Engineering adaptation: source MIN/INHERENT ratio scaled to Qlatt duration basis""]}","inventory_materialization; word_initial_lengthening; cluster_shortening; duration_cap; fricative_minimum_duration; duration_floor_default"
"S, f, sh, th, z, v, zh, dh.","segment_15","SIL","","silence","100","60","0","300","300","0","{""source"":""uncompressed"",""minimum_ms"":0,""inherent_ms"":1,""unstressed_scale"":0.5,""citations"":[""Allen et al. 1987 Table 9-1 p.96 (row named by source)"",""Engineering adaptation: source MIN/INHERENT ratio scaled to Qlatt duration basis"",""Engineering policy: silence and generated release/aspiration use explicit timing and timeline safety floors""]}","inventory_materialization; punctuation_pause; duration_floor_default"
"Soft, safe, fuzzy, fussy, sassy, feisty, zesty, shifty.","segment_0","S","","fricative","100","60","57.142857142857146","102","103","1","{""source"":""SS"",""minimum_ms"":60,""inherent_ms"":105,""unstressed_scale"":0.5,""citations"":[""Allen et al. 1987 Table 9-1 p.96 (row named by source)"",""Engineering adaptation: source MIN/INHERENT ratio scaled to Qlatt duration basis""]}","inventory_materialization; word_initial_lengthening; cluster_shortening; duration_cap; fricative_minimum_duration; duration_floor_default"
"Soft, safe, fuzzy, fussy, sassy, feisty, zesty, shifty.","segment_1","AA","1","vowel","180","75.6","75","296","297","1","{""source"":""AA"",""minimum_ms"":100,""inherent_ms"":240,""unstressed_scale"":0.5,""citations"":[""Allen et al. 1987 Table 9-1 p.96 (row named by source)"",""Engineering adaptation: source MIN/INHERENT ratio scaled to Qlatt duration basis""]}","inventory_materialization; stress_duration; accent_vowel_lengthening; vowel_shortening; pre_boundary_lengthening; duration_cap; duration_floor_default"
"Soft, safe, fuzzy, fussy, sassy, feisty, zesty, shifty.","segment_2","F","","fricative","90","54","72","74","83","9","{""source"":""FF"",""minimum_ms"":80,""inherent_ms"":100,""unstressed_scale"":0.5,""citations"":[""Allen et al. 1987 Table 9-1 p.96 (row named by source)"",""Engineering adaptation: source MIN/INHERENT ratio scaled to Qlatt duration basis""]}","inventory_materialization; non_word_initial_consonant_shortening; word_medial_consonant_shortening; cluster_shortening; pre_boundary_lengthening; duration_cap; fricative_minimum_duration; duration_floor_default"
"Soft, safe, fuzzy, fussy, sassy, feisty, zesty, shifty.","segment_3:remap_stops_to_closures:0","T_CL","","stop_closure","50","30","33.333333333333336","39","41","2","{""source"":""TT"",""minimum_ms"":50,""inherent_ms"":75,""unstressed_scale"":0.5,""citations"":[""Allen et al. 1987 Table 9-1 p.96 (row named by source)"",""Engineering adaptation: source MIN/INHERENT ratio scaled to Qlatt duration basis""]}","remap_stops_to_closures; remap_stops_to_closures; non_word_initial_consonant_shortening; word_medial_consonant_shortening; cluster_shortening; duration_cap; duration_floor_default"
"Soft, safe, fuzzy, fussy, sassy, feisty, zesty, shifty.","segment_3:remap_stops_to_closures:0:insert_mapped_voiceless_release_and_aspiration:0","T_REL","","stop_release","15","0","0","15","15","0","{""source"":""uncompressed"",""minimum_ms"":0,""inherent_ms"":1,""unstressed_scale"":0.5,""citations"":[""Allen et al. 1987 Table 9-1 p.96 (row named by source)"",""Engineering adaptation: source MIN/INHERENT ratio scaled to Qlatt duration basis"",""Engineering policy: silence and generated release/aspiration use explicit timing and timeline safety floors""]}","insert_mapped_voiceless_release_and_aspiration; insert_mapped_voiceless_release_and_aspiration; cluster_shortening; duration_cap; lock_stop_release_duration; duration_floor_stop_release"
"Soft, safe, fuzzy, fussy, sassy, feisty, zesty, shifty.","segment_3:remap_stops_to_closures:0:insert_mapped_voiceless_release_and_aspiration:1","T_ASP","","stop_aspiration","15","0","0","15","15","0","{""source"":""uncompressed"",""minimum_ms"":0,""inherent_ms"":1,""unstressed_scale"":0.5,""citations"":[""Allen et al. 1987 Table 9-1 p.96 (row named by source)"",""Engineering adaptation: source MIN/INHERENT ratio scaled to Qlatt duration basis"",""Engineering policy: silence and generated release/aspiration use explicit timing and timeline safety floors""]}","insert_mapped_voiceless_release_and_aspiration; insert_mapped_voiceless_release_and_aspiration; cluster_shortening; duration_cap; lock_stop_release_duration; duration_floor_stop_release"
"Soft, safe, fuzzy, fussy, sassy, feisty, zesty, shifty.","segment_3:remap_stops_to_closures:0:insert_mapped_voiceless_release_and_aspiration:2","SIL","","silence","100","60","0","150","150","0","{""source"":""uncompressed"",""minimum_ms"":0,""inherent_ms"":1,""unstressed_scale"":0.5,""citations"":[""Allen et al. 1987 Table 9-1 p.96 (row named by source)"",""Engineering adaptation: source MIN/INHERENT ratio scaled to Qlatt duration basis"",""Engineering policy: silence and generated release/aspiration use explicit timing and timeline safety floors""]}","insert_mapped_voiceless_release_and_aspiration; punctuation_pause; duration_floor_default"
"Soft, safe, fuzzy, fussy, sassy, feisty, zesty, shifty.","segment_5","S","","fricative","100","60","57.142857142857146","102","103","1","{""source"":""SS"",""minimum_ms"":60,""inherent_ms"":105,""unstressed_scale"":0.5,""citations"":[""Allen et al. 1987 Table 9-1 p.96 (row named by source)"",""Engineering adaptation: source MIN/INHERENT ratio scaled to Qlatt duration basis""]}","inventory_materialization; word_initial_lengthening; cluster_shortening; duration_cap; fricative_minimum_duration; duration_floor_default"
"Soft, safe, fuzzy, fussy, sassy, feisty, zesty, shifty.","segment_6:expand_diphthongs:0","EH1","1","vowel","120","50.4","44.8","127","130","3","{""source"":""EH"",""minimum_ms"":70,""inherent_ms"":150,""unstressed_scale"":0.5,""citations"":[""Allen et al. 1987 Table 9-1 p.96 (row named by source)"",""Engineering adaptation: source MIN/INHERENT ratio scaled to Qlatt duration basis""]}","expand_diphthongs; expand_diphthongs; stress_duration; accent_vowel_lengthening; polysyllabic_shortening; vowel_shortening; pre_boundary_lengthening; duration_cap; duration_floor_default"
"Soft, safe, fuzzy, fussy, sassy, feisty, zesty, shifty.","segment_6:expand_diphthongs:1","Y","0","glide","80","48","16","56","42","-14","{""source"":""YY"",""minimum_ms"":40,""inherent_ms"":80,""unstressed_scale"":0.5,""citations"":[""Allen et al. 1987 Table 9-1 p.96 (row named by source)"",""Engineering adaptation: source MIN/INHERENT ratio scaled to Qlatt duration basis""]}","expand_diphthongs; expand_diphthongs; non_word_initial_consonant_shortening; word_medial_consonant_shortening; unstressed_consonant_shortening; cluster_shortening; pre_boundary_lengthening; duration_cap; duration_floor_default"
"Soft, safe, fuzzy, fussy, sassy, feisty, zesty, shifty.","segment_7","F","","fricative","90","54","72","76","83","7","{""source"":""FF"",""minimum_ms"":80,""inherent_ms"":100,""unstressed_scale"":0.5,""citations"":[""Allen et al. 1987 Table 9-1 p.96 (row named by source)"",""Engineering adaptation: source MIN/INHERENT ratio scaled to Qlatt duration basis""]}","inventory_materialization; non_word_initial_consonant_shortening; cluster_shortening; pre_boundary_lengthening; duration_cap; fricative_minimum_duration; duration_floor_default"
"Soft, safe, fuzzy, fussy, sassy, feisty, zesty, shifty.","segment_8","SIL","","silence","100","60","0","150","150","0","{""source"":""uncompressed"",""minimum_ms"":0,""inherent_ms"":1,""unstressed_scale"":0.5,""citations"":[""Allen et al. 1987 Table 9-1 p.96 (row named by source)"",""Engineering adaptation: source MIN/INHERENT ratio scaled to Qlatt duration basis"",""Engineering policy: silence and generated release/aspiration use explicit timing and timeline safety floors""]}","inventory_materialization; punctuation_pause; duration_floor_default"
"Soft, safe, fuzzy, fussy, sassy, feisty, zesty, shifty.","segment_9","F","","fricative","90","54","72","92","91","-1","{""source"":""FF"",""minimum_ms"":80,""inherent_ms"":100,""unstressed_scale"":0.5,""citations"":[""Allen et al. 1987 Table 9-1 p.96 (row named by source)"",""Engineering adaptation: source MIN/INHERENT ratio scaled to Qlatt duration basis""]}","inventory_materialization; word_initial_lengthening; cluster_shortening; duration_cap; fricative_minimum_duration; duration_floor_default"
"Soft, safe, fuzzy, fussy, sassy, feisty, zesty, shifty.","segment_10","AH","1","vowel","100","42","42.857142857142854","146","147","1","{""source"":""AH"",""minimum_ms"":60,""inherent_ms"":140,""unstressed_scale"":0.5,""citations"":[""Allen et al. 1987 Table 9-1 p.96 (row named by source)"",""Engineering adaptation: source MIN/INHERENT ratio scaled to Qlatt duration basis""]}","inventory_materialization; stress_duration; accent_vowel_lengthening; polysyllabic_shortening; vowel_shortening; pre_boundary_lengthening; duration_cap; duration_floor_default"
"Soft, safe, fuzzy, fussy, sassy, feisty, zesty, shifty.","segment_11","Z","","fricative","90","54","48","74","72","-2","{""source"":""ZZ"",""minimum_ms"":40,""inherent_ms"":75,""unstressed_scale"":0.5,""citations"":[""Allen et al. 1987 Table 9-1 p.96 (row named by source)"",""Engineering adaptation: source MIN/INHERENT ratio scaled to Qlatt duration basis""]}","inventory_materialization; non_word_initial_consonant_shortening; word_medial_consonant_shortening; cluster_shortening; pre_boundary_lengthening; duration_cap; fricative_minimum_duration; duration_floor_default"
"Soft, safe, fuzzy, fussy, sassy, feisty, zesty, shifty.","segment_12","IY","0","vowel","70","29.4","12.419354838709678","61","58","-3","{""source"":""IY"",""minimum_ms"":55,""inherent_ms"":155,""unstressed_scale"":0.5,""citations"":[""Allen et al. 1987 Table 9-1 p.96 (row named by source)"",""Engineering adaptation: source MIN/INHERENT ratio scaled to Qlatt duration basis""]}","inventory_materialization; stress_duration; accent_vowel_lengthening; polysyllabic_shortening; vowel_shortening; pre_boundary_lengthening; duration_cap; duration_floor_default"
"Soft, safe, fuzzy, fussy, sassy, feisty, zesty, shifty.","segment_13","SIL","","silence","100","60","0","150","150","0","{""source"":""uncompressed"",""minimum_ms"":0,""inherent_ms"":1,""unstressed_scale"":0.5,""citations"":[""Allen et al. 1987 Table 9-1 p.96 (row named by source)"",""Engineering adaptation: source MIN/INHERENT ratio scaled to Qlatt duration basis"",""Engineering policy: silence and generated release/aspiration use explicit timing and timeline safety floors""]}","inventory_materialization; punctuation_pause; duration_floor_default"
"Soft, safe, fuzzy, fussy, sassy, feisty, zesty, shifty.","segment_14","F","","fricative","90","54","72","92","91","-1","{""source"":""FF"",""minimum_ms"":80,""inherent_ms"":100,""unstressed_scale"":0.5,""citations"":[""Allen et al. 1987 Table 9-1 p.96 (row named by source)"",""Engineering adaptation: source MIN/INHERENT ratio scaled to Qlatt duration basis""]}","inventory_materialization; word_initial_lengthening; cluster_shortening; duration_cap; fricative_minimum_duration; duration_floor_default"
"Soft, safe, fuzzy, fussy, sassy, feisty, zesty, shifty.","segment_15","AH","1","vowel","100","42","42.857142857142854","137","138","1","{""source"":""AH"",""minimum_ms"":60,""inherent_ms"":140,""unstressed_scale"":0.5,""citations"":[""Allen et al. 1987 Table 9-1 p.96 (row named by source)"",""Engineering adaptation: source MIN/INHERENT ratio scaled to Qlatt duration basis""]}","inventory_materialization; stress_duration; accent_vowel_lengthening; polysyllabic_shortening; vowel_shortening; pre_boundary_lengthening; duration_cap; duration_floor_default"
"Soft, safe, fuzzy, fussy, sassy, feisty, zesty, shifty.","segment_16","S","","fricative","100","60","57.142857142857146","83","82","-1","{""source"":""SS"",""minimum_ms"":60,""inherent_ms"":105,""unstressed_scale"":0.5,""citations"":[""Allen et al. 1987 Table 9-1 p.96 (row named by source)"",""Engineering adaptation: source MIN/INHERENT ratio scaled to Qlatt duration basis""]}","inventory_materialization; non_word_initial_consonant_shortening; word_medial_consonant_shortening; cluster_shortening; pre_boundary_lengthening; duration_cap; fricative_minimum_duration; duration_floor_default"
"Soft, safe, fuzzy, fussy, sassy, feisty, zesty, shifty.","segment_17","IY","0","vowel","70","29.4","12.419354838709678","61","58","-3","{""source"":""IY"",""minimum_ms"":55,""inherent_ms"":155,""unstressed_scale"":0.5,""citations"":[""Allen et al. 1987 Table 9-1 p.96 (row named by source)"",""Engineering adaptation: source MIN/INHERENT ratio scaled to Qlatt duration basis""]}","inventory_materialization; stress_duration; accent_vowel_lengthening; polysyllabic_shortening; vowel_shortening; pre_boundary_lengthening; duration_cap; duration_floor_default"
"Soft, safe, fuzzy, fussy, sassy, feisty, zesty, shifty.","segment_18","SIL","","silence","100","60","0","150","150","0","{""source"":""uncompressed"",""minimum_ms"":0,""inherent_ms"":1,""unstressed_scale"":0.5,""citations"":[""Allen et al. 1987 Table 9-1 p.96 (row named by source)"",""Engineering adaptation: source MIN/INHERENT ratio scaled to Qlatt duration basis"",""Engineering policy: silence and generated release/aspiration use explicit timing and timeline safety floors""]}","inventory_materialization; punctuation_pause; duration_floor_default"
"Soft, safe, fuzzy, fussy, sassy, feisty, zesty, shifty.","segment_19","S","","fricative","100","60","57.142857142857146","102","103","1","{""source"":""SS"",""minimum_ms"":60,""inherent_ms"":105,""unstressed_scale"":0.5,""citations"":[""Allen et al. 1987 Table 9-1 p.96 (row named by source)"",""Engineering adaptation: source MIN/INHERENT ratio scaled to Qlatt duration basis""]}","inventory_materialization; word_initial_lengthening; cluster_shortening; duration_cap; fricative_minimum_duration; duration_floor_default"
"Soft, safe, fuzzy, fussy, sassy, feisty, zesty, shifty.","segment_20","AE","1","vowel","170","71.39999999999999","59.130434782608695","235","241","6","{""source"":""AE"",""minimum_ms"":80,""inherent_ms"":230,""unstressed_scale"":0.5,""citations"":[""Allen et al. 1987 Table 9-1 p.96 (row named by source)"",""Engineering adaptation: source MIN/INHERENT ratio scaled to Qlatt duration basis""]}","inventory_materialization; stress_duration; accent_vowel_lengthening; polysyllabic_shortening; vowel_shortening; pre_boundary_lengthening; duration_cap; duration_floor_default"
"Soft, safe, fuzzy, fussy, sassy, feisty, zesty, shifty.","segment_21","S","","fricative","100","60","57.142857142857146","83","82","-1","{""source"":""SS"",""minimum_ms"":60,""inherent_ms"":105,""unstressed_scale"":0.5,""citations"":[""Allen et al. 1987 Table 9-1 p.96 (row named by source)"",""Engineering adaptation: source MIN/INHERENT ratio scaled to Qlatt duration basis""]}","inventory_materialization; non_word_initial_consonant_shortening; word_medial_consonant_shortening; cluster_shortening; pre_boundary_lengthening; duration_cap; fricative_minimum_duration; duration_floor_default"
"Soft, safe, fuzzy, fussy, sassy, feisty, zesty, shifty.","segment_22","IY","0","vowel","70","29.4","12.419354838709678","61","58","-3","{""source"":""IY"",""minimum_ms"":55,""inherent_ms"":155,""unstressed_scale"":0.5,""citations"":[""Allen et al. 1987 Table 9-1 p.96 (row named by source)"",""Engineering adaptation: source MIN/INHERENT ratio scaled to Qlatt duration basis""]}","inventory_materialization; stress_duration; accent_vowel_lengthening; polysyllabic_shortening; vowel_shortening; pre_boundary_lengthening; duration_cap; duration_floor_default"
"Soft, safe, fuzzy, fussy, sassy, feisty, zesty, shifty.","segment_23","SIL","","silence","100","60","0","150","150","0","{""source"":""uncompressed"",""minimum_ms"":0,""inherent_ms"":1,""unstressed_scale"":0.5,""citations"":[""Allen et al. 1987 Table 9-1 p.96 (row named by source)"",""Engineering adaptation: source MIN/INHERENT ratio scaled to Qlatt duration basis"",""Engineering policy: silence and generated release/aspiration use explicit timing and timeline safety floors""]}","inventory_materialization; punctuation_pause; duration_floor_default"
"Soft, safe, fuzzy, fussy, sassy, feisty, zesty, shifty.","segment_24","F","","fricative","90","54","72","92","91","-1","{""source"":""FF"",""minimum_ms"":80,""inherent_ms"":100,""unstressed_scale"":0.5,""citations"":[""Allen et al. 1987 Table 9-1 p.96 (row named by source)"",""Engineering adaptation: source MIN/INHERENT ratio scaled to Qlatt duration basis""]}","inventory_materialization; word_initial_lengthening; cluster_shortening; duration_cap; fricative_minimum_duration; duration_floor_default"
"Soft, safe, fuzzy, fussy, sassy, feisty, zesty, shifty.","segment_25:expand_diphthongs:0","AA1","1","vowel","180","75.6","45","84","97","13","{""source"":""AA"",""minimum_ms"":100,""inherent_ms"":240,""unstressed_scale"":0.5,""citations"":[""Allen et al. 1987 Table 9-1 p.96 (row named by source)"",""Engineering adaptation: source MIN/INHERENT ratio scaled to Qlatt duration basis""]}","expand_diphthongs; expand_diphthongs; stress_duration; accent_vowel_lengthening; polysyllabic_shortening; vowel_shortening; pre_boundary_lengthening; duration_cap; hertz_nucleus_timing; duration_floor_default"
"Soft, safe, fuzzy, fussy, sassy, feisty, zesty, shifty.","segment_25:expand_diphthongs:1","Y","0","glide","80","48","18","61","48","-13","{""source"":""YY"",""minimum_ms"":40,""inherent_ms"":80,""unstressed_scale"":0.5,""citations"":[""Allen et al. 1987 Table 9-1 p.96 (row named by source)"",""Engineering adaptation: source MIN/INHERENT ratio scaled to Qlatt duration basis""]}","expand_diphthongs; expand_diphthongs; non_word_initial_consonant_shortening; word_medial_consonant_shortening; unstressed_consonant_shortening; cluster_shortening; pre_boundary_lengthening; duration_cap; duration_floor_default"
"Soft, safe, fuzzy, fussy, sassy, feisty, zesty, shifty.","segment_26","S","","fricative","100","60","57.142857142857146","83","82","-1","{""source"":""SS"",""minimum_ms"":60,""inherent_ms"":105,""unstressed_scale"":0.5,""citations"":[""Allen et al. 1987 Table 9-1 p.96 (row named by source)"",""Engineering adaptation: source MIN/INHERENT ratio scaled to Qlatt duration basis""]}","inventory_materialization; non_word_initial_consonant_shortening; word_medial_consonant_shortening; cluster_shortening; pre_boundary_lengthening; duration_cap; fricative_minimum_duration; duration_floor_default"
"Soft, safe, fuzzy, fussy, sassy, feisty, zesty, shifty.","segment_27:remap_stops_to_closures:0","T_CL","","stop_closure","50","30","33.333333333333336","41","42","1","{""source"":""TT"",""minimum_ms"":50,""inherent_ms"":75,""unstressed_scale"":0.5,""citations"":[""Allen et al. 1987 Table 9-1 p.96 (row named by source)"",""Engineering adaptation: source MIN/INHERENT ratio scaled to Qlatt duration basis""]}","remap_stops_to_closures; remap_stops_to_closures; non_word_initial_consonant_shortening; word_medial_consonant_shortening; cluster_shortening; duration_cap; duration_floor_default"
"Soft, safe, fuzzy, fussy, sassy, feisty, zesty, shifty.","segment_27:remap_stops_to_closures:0:insert_mapped_voiceless_release_and_aspiration:0","T_REL","","stop_release","7.816901408450704","0","0","8","8","0","{""source"":""uncompressed"",""minimum_ms"":0,""inherent_ms"":1,""unstressed_scale"":0.5,""citations"":[""Allen et al. 1987 Table 9-1 p.96 (row named by source)"",""Engineering adaptation: source MIN/INHERENT ratio scaled to Qlatt duration basis"",""Engineering policy: silence and generated release/aspiration use explicit timing and timeline safety floors""]}","insert_mapped_voiceless_release_and_aspiration; insert_mapped_voiceless_release_and_aspiration; cluster_shortening; duration_cap; lock_stop_release_duration; duration_floor_stop_release"
"Soft, safe, fuzzy, fussy, sassy, feisty, zesty, shifty.","segment_27:remap_stops_to_closures:0:insert_mapped_voiceless_release_and_aspiration:1","T_ASP","","stop_aspiration","29.183098591549296","0","0","10","10","0","{""source"":""uncompressed"",""minimum_ms"":0,""inherent_ms"":1,""unstressed_scale"":0.5,""citations"":[""Allen et al. 1987 Table 9-1 p.96 (row named by source)"",""Engineering adaptation: source MIN/INHERENT ratio scaled to Qlatt duration basis"",""Engineering policy: silence and generated release/aspiration use explicit timing and timeline safety floors""]}","insert_mapped_voiceless_release_and_aspiration; insert_mapped_voiceless_release_and_aspiration; cluster_shortening; duration_cap; lock_stop_release_duration; s_cluster_aspiration_reduction; duration_floor_stop_release"
"Soft, safe, fuzzy, fussy, sassy, feisty, zesty, shifty.","segment_27:remap_stops_to_closures:0:insert_mapped_voiceless_release_and_aspiration:2","IY","0","vowel","70","29.4","12.419354838709678","61","58","-3","{""source"":""IY"",""minimum_ms"":55,""inherent_ms"":155,""unstressed_scale"":0.5,""citations"":[""Allen et al. 1987 Table 9-1 p.96 (row named by source)"",""Engineering adaptation: source MIN/INHERENT ratio scaled to Qlatt duration basis""]}","insert_mapped_voiceless_release_and_aspiration; stress_duration; accent_vowel_lengthening; polysyllabic_shortening; vowel_shortening; pre_boundary_lengthening; duration_cap; duration_floor_default"
"Soft, safe, fuzzy, fussy, sassy, feisty, zesty, shifty.","segment_29","SIL","","silence","100","60","0","150","150","0","{""source"":""uncompressed"",""minimum_ms"":0,""inherent_ms"":1,""unstressed_scale"":0.5,""citations"":[""Allen et al. 1987 Table 9-1 p.96 (row named by source)"",""Engineering adaptation: source MIN/INHERENT ratio scaled to Qlatt duration basis"",""Engineering policy: silence and generated release/aspiration use explicit timing and timeline safety floors""]}","inventory_materialization; punctuation_pause; duration_floor_default"
"Soft, safe, fuzzy, fussy, sassy, feisty, zesty, shifty.","segment_30","Z","","fricative","90","54","48","92","92","0","{""source"":""ZZ"",""minimum_ms"":40,""inherent_ms"":75,""unstressed_scale"":0.5,""citations"":[""Allen et al. 1987 Table 9-1 p.96 (row named by source)"",""Engineering adaptation: source MIN/INHERENT ratio scaled to Qlatt duration basis""]}","inventory_materialization; word_initial_lengthening; cluster_shortening; duration_cap; fricative_minimum_duration; duration_floor_default"
"Soft, safe, fuzzy, fussy, sassy, feisty, zesty, shifty.","segment_31","EH","1","vowel","120","50.4","56","166","161","-5","{""source"":""EH"",""minimum_ms"":70,""inherent_ms"":150,""unstressed_scale"":0.5,""citations"":[""Allen et al. 1987 Table 9-1 p.96 (row named by source)"",""Engineering adaptation: source MIN/INHERENT ratio scaled to Qlatt duration basis""]}","inventory_materialization; stress_duration; accent_vowel_lengthening; polysyllabic_shortening; vowel_shortening; pre_boundary_lengthening; duration_cap; duration_floor_default"
"Soft, safe, fuzzy, fussy, sassy, feisty, zesty, shifty.","segment_32","S","","fricative","100","60","57.142857142857146","83","82","-1","{""source"":""SS"",""minimum_ms"":60,""inherent_ms"":105,""unstressed_scale"":0.5,""citations"":[""Allen et al. 1987 Table 9-1 p.96 (row named by source)"",""Engineering adaptation: source MIN/INHERENT ratio scaled to Qlatt duration basis""]}","inventory_materialization; non_word_initial_consonant_shortening; word_medial_consonant_shortening; cluster_shortening; pre_boundary_lengthening; duration_cap; fricative_minimum_duration; duration_floor_default"
"Soft, safe, fuzzy, fussy, sassy, feisty, zesty, shifty.","segment_33:remap_stops_to_closures:0","T_CL","","stop_closure","50","30","33.333333333333336","41","42","1","{""source"":""TT"",""minimum_ms"":50,""inherent_ms"":75,""unstressed_scale"":0.5,""citations"":[""Allen et al. 1987 Table 9-1 p.96 (row named by source)"",""Engineering adaptation: source MIN/INHERENT ratio scaled to Qlatt duration basis""]}","remap_stops_to_closures; remap_stops_to_closures; non_word_initial_consonant_shortening; word_medial_consonant_shortening; cluster_shortening; duration_cap; duration_floor_default"
"Soft, safe, fuzzy, fussy, sassy, feisty, zesty, shifty.","segment_33:remap_stops_to_closures:0:insert_mapped_voiceless_release_and_aspiration:0","T_REL","","stop_release","7.816901408450704","0","0","8","8","0","{""source"":""uncompressed"",""minimum_ms"":0,""inherent_ms"":1,""unstressed_scale"":0.5,""citations"":[""Allen et al. 1987 Table 9-1 p.96 (row named by source)"",""Engineering adaptation: source MIN/INHERENT ratio scaled to Qlatt duration basis"",""Engineering policy: silence and generated release/aspiration use explicit timing and timeline safety floors""]}","insert_mapped_voiceless_release_and_aspiration; insert_mapped_voiceless_release_and_aspiration; cluster_shortening; duration_cap; lock_stop_release_duration; duration_floor_stop_release"
"Soft, safe, fuzzy, fussy, sassy, feisty, zesty, shifty.","segment_33:remap_stops_to_closures:0:insert_mapped_voiceless_release_and_aspiration:1","T_ASP","","stop_aspiration","29.183098591549296","0","0","10","10","0","{""source"":""uncompressed"",""minimum_ms"":0,""inherent_ms"":1,""unstressed_scale"":0.5,""citations"":[""Allen et al. 1987 Table 9-1 p.96 (row named by source)"",""Engineering adaptation: source MIN/INHERENT ratio scaled to Qlatt duration basis"",""Engineering policy: silence and generated release/aspiration use explicit timing and timeline safety floors""]}","insert_mapped_voiceless_release_and_aspiration; insert_mapped_voiceless_release_and_aspiration; cluster_shortening; duration_cap; lock_stop_release_duration; s_cluster_aspiration_reduction; duration_floor_stop_release"
"Soft, safe, fuzzy, fussy, sassy, feisty, zesty, shifty.","segment_33:remap_stops_to_closures:0:insert_mapped_voiceless_release_and_aspiration:2","IY","0","vowel","70","29.4","12.419354838709678","61","58","-3","{""source"":""IY"",""minimum_ms"":55,""inherent_ms"":155,""unstressed_scale"":0.5,""citations"":[""Allen et al. 1987 Table 9-1 p.96 (row named by source)"",""Engineering adaptation: source MIN/INHERENT ratio scaled to Qlatt duration basis""]}","insert_mapped_voiceless_release_and_aspiration; stress_duration; accent_vowel_lengthening; polysyllabic_shortening; vowel_shortening; pre_boundary_lengthening; duration_cap; duration_floor_default"
"Soft, safe, fuzzy, fussy, sassy, feisty, zesty, shifty.","segment_35","SIL","","silence","100","60","0","150","150","0","{""source"":""uncompressed"",""minimum_ms"":0,""inherent_ms"":1,""unstressed_scale"":0.5,""citations"":[""Allen et al. 1987 Table 9-1 p.96 (row named by source)"",""Engineering adaptation: source MIN/INHERENT ratio scaled to Qlatt duration basis"",""Engineering policy: silence and generated release/aspiration use explicit timing and timeline safety floors""]}","inventory_materialization; punctuation_pause; duration_floor_default"
"Soft, safe, fuzzy, fussy, sassy, feisty, zesty, shifty.","segment_36","SH","","fricative","100","60","76.19047619047619","102","102","0","{""source"":""SH"",""minimum_ms"":80,""inherent_ms"":105,""unstressed_scale"":0.5,""citations"":[""Allen et al. 1987 Table 9-1 p.96 (row named by source)"",""Engineering adaptation: source MIN/INHERENT ratio scaled to Qlatt duration basis""]}","inventory_materialization; word_initial_lengthening; cluster_shortening; duration_cap; fricative_minimum_duration; duration_floor_default"
"Soft, safe, fuzzy, fussy, sassy, feisty, zesty, shifty.","segment_37","IH","1","vowel","100","42","29.62962962962963","152","164","12","{""source"":""IH"",""minimum_ms"":40,""inherent_ms"":135,""unstressed_scale"":0.5,""citations"":[""Allen et al. 1987 Table 9-1 p.96 (row named by source)"",""Engineering adaptation: source MIN/INHERENT ratio scaled to Qlatt duration basis""]}","inventory_materialization; stress_duration; accent_vowel_lengthening; polysyllabic_shortening; vowel_shortening; pre_boundary_lengthening; duration_cap; duration_floor_default"
"Soft, safe, fuzzy, fussy, sassy, feisty, zesty, shifty.","segment_38","F","","fricative","90","54","72","76","84","8","{""source"":""FF"",""minimum_ms"":80,""inherent_ms"":100,""unstressed_scale"":0.5,""citations"":[""Allen et al. 1987 Table 9-1 p.96 (row named by source)"",""Engineering adaptation: source MIN/INHERENT ratio scaled to Qlatt duration basis""]}","inventory_materialization; non_word_initial_consonant_shortening; word_medial_consonant_shortening; cluster_shortening; pre_boundary_lengthening; duration_cap; fricative_minimum_duration; duration_floor_default"
"Soft, safe, fuzzy, fussy, sassy, feisty, zesty, shifty.","segment_39:remap_stops_to_closures:0","T_CL","","stop_closure","50","30","33.333333333333336","41","42","1","{""source"":""TT"",""minimum_ms"":50,""inherent_ms"":75,""unstressed_scale"":0.5,""citations"":[""Allen et al. 1987 Table 9-1 p.96 (row named by source)"",""Engineering adaptation: source MIN/INHERENT ratio scaled to Qlatt duration basis""]}","remap_stops_to_closures; remap_stops_to_closures; non_word_initial_consonant_shortening; word_medial_consonant_shortening; cluster_shortening; duration_cap; duration_floor_default"
"Soft, safe, fuzzy, fussy, sassy, feisty, zesty, shifty.","segment_39:remap_stops_to_closures:0:insert_mapped_voiceless_release_and_aspiration:0","T_REL","","stop_release","7.816901408450704","0","0","8","8","0","{""source"":""uncompressed"",""minimum_ms"":0,""inherent_ms"":1,""unstressed_scale"":0.5,""citations"":[""Allen et al. 1987 Table 9-1 p.96 (row named by source)"",""Engineering adaptation: source MIN/INHERENT ratio scaled to Qlatt duration basis"",""Engineering policy: silence and generated release/aspiration use explicit timing and timeline safety floors""]}","insert_mapped_voiceless_release_and_aspiration; insert_mapped_voiceless_release_and_aspiration; cluster_shortening; duration_cap; lock_stop_release_duration; duration_floor_stop_release"
"Soft, safe, fuzzy, fussy, sassy, feisty, zesty, shifty.","segment_39:remap_stops_to_closures:0:insert_mapped_voiceless_release_and_aspiration:1","T_ASP","","stop_aspiration","29.183098591549296","0","0","29","29","0","{""source"":""uncompressed"",""minimum_ms"":0,""inherent_ms"":1,""unstressed_scale"":0.5,""citations"":[""Allen et al. 1987 Table 9-1 p.96 (row named by source)"",""Engineering adaptation: source MIN/INHERENT ratio scaled to Qlatt duration basis"",""Engineering policy: silence and generated release/aspiration use explicit timing and timeline safety floors""]}","insert_mapped_voiceless_release_and_aspiration; insert_mapped_voiceless_release_and_aspiration; cluster_shortening; duration_cap; lock_stop_release_duration; duration_floor_stop_release"
"Soft, safe, fuzzy, fussy, sassy, feisty, zesty, shifty.","segment_39:remap_stops_to_closures:0:insert_mapped_voiceless_release_and_aspiration:2","IY","0","vowel","70","29.4","12.419354838709678","61","58","-3","{""source"":""IY"",""minimum_ms"":55,""inherent_ms"":155,""unstressed_scale"":0.5,""citations"":[""Allen et al. 1987 Table 9-1 p.96 (row named by source)"",""Engineering adaptation: source MIN/INHERENT ratio scaled to Qlatt duration basis""]}","insert_mapped_voiceless_release_and_aspiration; stress_duration; accent_vowel_lengthening; polysyllabic_shortening; vowel_shortening; pre_boundary_lengthening; duration_cap; duration_floor_default"
"Soft, safe, fuzzy, fussy, sassy, feisty, zesty, shifty.","segment_41","SIL","","silence","100","60","0","300","300","0","{""source"":""uncompressed"",""minimum_ms"":0,""inherent_ms"":1,""unstressed_scale"":0.5,""citations"":[""Allen et al. 1987 Table 9-1 p.96 (row named by source)"",""Engineering adaptation: source MIN/INHERENT ratio scaled to Qlatt duration basis"",""Engineering policy: silence and generated release/aspiration use explicit timing and timeline safety floors""]}","inventory_materialization; punctuation_pause; duration_floor_default"
